ds,trend,cap,yhat_lower,yhat_upper,trend_lower,trend_upper,additive_terms,additive_terms_lower,additive_terms_upper,yearly,yearly_lower,yearly_upper,multiplicative_terms,multiplicative_terms_lower,multiplicative_terms_upper,yhat
2015-01-05,25753.110300985376,64226.25000000001,22724.296653952213,31548.446252738493,25753.110300985376,25753.110300985376,1303.2962200774007,1303.2962200774007,1303.2962200774007,1303.2962200774007,1303.2962200774007,1303.2962200774007,0.0,0.0,0.0,27056.406521062778
2015-01-12,25760.33582477661,64226.25000000001,22627.186011116108,31442.331029968613,25760.33582477661,25760.33582477661,1353.6186045095017,1353.6186045095017,1353.6186045095017,1353.6186045095017,1353.6186045095017,1353.6186045095017,0.0,0.0,0.0,27113.95442928611
2015-01-19,25767.562018060427,64226.25000000001,22301.21284678579,31140.785274095182,25767.562018060427,25767.562018060427,1050.762409328318,1050.762409328318,1050.762409328318,1050.762409328318,1050.762409328318,1050.762409328318,0.0,0.0,0.0,26818.324427388747
2015-01-26,25774.78888013722,64226.25000000001,21888.829060825894,30133.0904934046,25774.78888013722,25774.78888013722,560.7606093455688,560.7606093455688,560.7606093455688,560.7606093455688,560.7606093455688,560.7606093455688,0.0,0.0,0.0,26335.54948948279
2015-02-02,25782.016410307097,64226.25000000001,21544.65946926091,30124.90053359397,25782.016410307097,25782.016410307097,-25.977447958486042,-25.977447958486042,-25.977447958486042,-25.977447958486042,-25.977447958486042,-25.977447958486042,0.0,0.0,0.0,25756.03896234861
2015-02-09,25789.2446078699,64226.25000000001,20597.181425423114,29536.077004452804,25789.2446078699,25789.2446078699,-620.9852414203683,-620.9852414203683,-620.9852414203683,-620.9852414203683,-620.9852414203683,-620.9852414203683,0.0,0.0,0.0,25168.259366449533
2015-02-16,25796.473472125184,64226.25000000001,20194.28207717675,29185.097494974645,25796.473472125184,25796.473472125184,-1072.7960511768347,-1072.7960511768347,-1072.7960511768347,-1072.7960511768347,-1072.7960511768347,-1072.7960511768347,0.0,0.0,0.0,24723.67742094835
2015-02-23,25803.703002372244,64226.25000000001,20146.358413589158,28792.394475375633,25803.703002372244,25803.703002372244,-1234.5883117578765,-1234.5883117578765,-1234.5883117578765,-1234.5883117578765,-1234.5883117578765,-1234.5883117578765,0.0,0.0,0.0,24569.114690614366
2015-03-02,25810.93319791009,64226.25000000001,20313.873004773035,29126.096913210178,25810.93319791009,25810.93319791009,-1079.3502719554315,-1079.3502719554315,-1079.3502719554315,-1079.3502719554315,-1079.3502719554315,-1079.3502719554315,0.0,0.0,0.0,24731.58292595466
2015-03-09,25818.164058037455,64226.25000000001,20870.867694654447,29695.24573874958,25818.164058037455,25818.164058037455,-712.907986271502,-712.907986271502,-712.907986271502,-712.907986271502,-712.907986271502,-712.907986271502,0.0,0.0,0.0,25105.256071765954
2015-03-16,25825.395582052806,64226.25000000001,21422.38504700476,29837.64526699624,25825.395582052806,25825.395582052806,-283.10432497687344,-283.10432497687344,-283.10432497687344,-283.10432497687344,-283.10432497687344,-283.10432497687344,0.0,0.0,0.0,25542.291257075933
2015-03-23,25832.627769254334,64226.25000000001,21375.27984037601,30086.990725444542,25832.627769254334,25832.627769254334,88.99573597481458,88.99573597481458,88.99573597481458,88.99573597481458,88.99573597481458,88.99573597481458,0.0,0.0,0.0,25921.62350522915
2015-03-30,25826.35094499908,64226.25000000001,21954.175328754172,30456.035230581983,25826.35094499908,25826.35094499908,303.62454762816174,303.62454762816174,303.62454762816174,303.62454762816174,303.62454762816174,303.62454762816174,0.0,0.0,0.0,26129.975492627244
2015-04-06,25820.074620214615,64226.25000000001,21527.130196760427,30334.80360593726,25820.074620214615,25820.074620214615,294.24168627288674,294.24168627288674,294.24168627288674,294.24168627288674,294.24168627288674,294.24168627288674,0.0,0.0,0.0,26114.3163064875
2015-04-13,25813.79879535978,64226.25000000001,21441.80461330504,30194.879348389226,25813.79879535978,25813.79879535978,120.47094222821585,120.47094222821585,120.47094222821585,120.47094222821585,120.47094222821585,120.47094222821585,0.0,0.0,0.0,25934.269737587998
2015-04-20,25807.52347089325,64226.25000000001,21518.495843872475,30262.612017812826,25807.52347089325,25807.52347089325,25.028003708589083,25.028003708589083,25.028003708589083,25.028003708589083,25.028003708589083,25.028003708589083,0.0,0.0,0.0,25832.55147460184
2015-04-27,25801.248647273555,64226.25000000001,21483.568186206714,30116.6074427755,25801.248647273555,25801.248647273555,288.31014264230953,288.31014264230953,288.31014264230953,288.31014264230953,288.31014264230953,288.31014264230953,0.0,0.0,0.0,26089.558789915864
2015-05-04,25794.974324959057,64226.25000000001,22626.90168003505,31138.875387547956,25794.974324959057,25794.974324959057,940.0182320937092,940.0182320937092,940.0182320937092,940.0182320937092,940.0182320937092,940.0182320937092,0.0,0.0,0.0,26734.992557052767
2015-05-11,25788.700504407978,64226.25000000001,22856.11655038704,31637.337551229004,25788.700504407978,25788.700504407978,1633.8046576183822,1633.8046576183822,1633.8046576183822,1633.8046576183822,1633.8046576183822,1633.8046576183822,0.0,0.0,0.0,27422.50516202636
2015-05-18,25782.427186078363,64226.25000000001,23404.67752563536,31795.184630491975,25782.427186078363,25782.427186078363,1896.3439916880732,1896.3439916880732,1896.3439916880732,1896.3439916880732,1896.3439916880732,1896.3439916880732,0.0,0.0,0.0,27678.771177766437
2015-05-25,25776.154370428118,64226.25000000001,23097.40216075545,31662.100551361134,25776.154370428118,25776.154370428118,1557.9737651883004,1557.9737651883004,1557.9737651883004,1557.9737651883004,1557.9737651883004,1557.9737651883004,0.0,0.0,0.0,27334.128135616418
2015-06-01,25769.882057914994,64226.25000000001,22490.773913957077,30979.37571490173,25769.882057914994,25769.882057914994,919.8930950807678,919.8930950807678,919.8930950807678,919.8930950807678,919.8930950807678,919.8930950807678,0.0,0.0,0.0,26689.77515299576
2015-06-08,25763.610248996567,64226.25000000001,21631.500678449287,30972.176952831192,25763.610248996567,25763.610248996567,458.37813202594424,458.37813202594424,458.37813202594424,458.37813202594424,458.37813202594424,458.37813202594424,0.0,0.0,0.0,26221.98838102251
2015-06-15,25757.33894413027,64226.25000000001,22067.646545692412,30851.474976398604,25757.33894413027,25757.33894413027,371.0108612845331,371.0108612845331,371.0108612845331,371.0108612845331,371.0108612845331,371.0108612845331,0.0,0.0,0.0,26128.349805414804
2015-06-22,25751.068137712475,64226.25000000001,22178.3855995096,30772.238769863216,25751.068137712475,25751.068137712475,448.9774424028238,448.9774424028238,448.9774424028238,448.9774424028238,448.9774424028238,448.9774424028238,0.0,0.0,0.0,26200.0455801153
2015-06-29,25744.797836262165,64226.25000000001,21517.35727581332,30507.322872649587,25744.797836262165,25744.797836262165,385.25703523006223,385.25703523006223,385.25703523006223,385.25703523006223,385.25703523006223,385.25703523006223,0.0,0.0,0.0,26130.054871492226
2015-07-06,25738.528040236328,64226.25000000001,21479.333319283905,30299.556760929474,25738.528040236328,25738.528040236328,133.58286492321525,133.58286492321525,133.58286492321525,133.58286492321525,133.58286492321525,133.58286492321525,0.0,0.0,0.0,25872.11090515954
2015-07-13,25732.25875009175,64226.25000000001,21379.620366059225,30116.0523278647,25732.25875009175,25732.25875009175,-94.97161332413846,-94.97161332413846,-94.97161332413846,-94.97161332413846,-94.97161332413846,-94.97161332413846,0.0,0.0,0.0,25637.287136767613
2015-07-20,25725.989966285088,64226.25000000001,21105.78888099716,29764.054206043944,25725.989966285088,25725.989966285088,-147.12382885466775,-147.12382885466775,-147.12382885466775,-147.12382885466775,-147.12382885466775,-147.12382885466775,0.0,0.0,0.0,25578.86613743042
2015-07-27,25719.72168927282,64226.25000000001,21046.278523965248,29859.56046522396,25719.72168927282,25719.72168927282,-123.8829334812771,-123.8829334812771,-123.8829334812771,-123.8829334812771,-123.8829334812771,-123.8829334812771,0.0,0.0,0.0,25595.838755791545
2015-08-03,25713.453919511292,64226.25000000001,20889.7176893118,29820.562161409835,25713.453919511292,25713.453919511292,-200.99378213358463,-200.99378213358463,-200.99378213358463,-200.99378213358463,-200.99378213358463,-200.99378213358463,0.0,0.0,0.0,25512.460137377708
2015-08-10,25707.18665745667,64226.25000000001,20855.447075788998,29554.758180598474,25707.18665745667,25707.18665745667,-318.06279031090384,-318.06279031090384,-318.06279031090384,-318.06279031090384,-318.06279031090384,-318.06279031090384,0.0,0.0,0.0,25389.123867145765
2015-08-17,25700.91990356497,64226.25000000001,20840.089509921007,30230.55498071176,25700.91990356497,25700.91990356497,-171.90936289409723,-171.90936289409723,-171.90936289409723,-171.90936289409723,-171.90936289409723,-171.90936289409723,0.0,0.0,0.0,25529.01054067087
2015-08-24,25694.65365829205,64226.25000000001,21515.689932585443,30650.466849182634,25694.65365829205,25694.65365829205,425.55470337671824,425.55470337671824,425.55470337671824,425.55470337671824,425.55470337671824,425.55470337671824,0.0,0.0,0.0,26120.208361668767
2015-08-31,25688.387922093618,64226.25000000001,22543.540470663625,31595.844068033588,25688.387922093618,25688.387922093618,1244.6777139702087,1244.6777139702087,1244.6777139702087,1244.6777139702087,1244.6777139702087,1244.6777139702087,0.0,0.0,0.0,26933.065636063828
2015-09-07,25696.19594781728,64226.25000000001,23193.208425283538,31649.179761098083,25696.19594781728,25696.19594781728,1784.983637289671,1784.983637289671,1784.983637289671,1784.983637289671,1784.983637289671,1784.983637289671,0.0,0.0,0.0,27481.17958510695
2015-09-14,25704.004763883215,64226.25000000001,23036.461522693156,31528.119271392527,25704.004763883215,25704.004763883215,1742.0670298197017,1742.0670298197017,1742.0670298197017,1742.0670298197017,1742.0670298197017,1742.0670298197017,0.0,0.0,0.0,27446.071793702915
2015-09-21,25711.814369409487,64226.25000000001,22538.460397132032,31360.91770127221,25711.814369409487,25711.814369409487,1274.0186083034982,1274.0186083034982,1274.0186083034982,1274.0186083034982,1274.0186083034982,1274.0186083034982,0.0,0.0,0.0,26985.832977712984
2015-09-28,25719.624763513813,64226.25000000001,21983.46501232715,31362.76713393289,25719.624763513813,25719.624763513813,772.2911355235684,772.2911355235684,772.2911355235684,772.2911355235684,772.2911355235684,772.2911355235684,0.0,0.0,0.0,26491.915899037383
2015-10-05,25727.4359453135,64226.25000000001,21756.64891153084,30616.964930846294,25727.4359453135,25727.4359453135,418.74814279113593,418.74814279113593,418.74814279113593,418.74814279113593,418.74814279113593,418.74814279113593,0.0,0.0,0.0,26146.184088104637
2015-10-12,25735.247913925494,64226.25000000001,21799.359145210587,30289.256577939577,25735.247913925494,25735.247913925494,45.57792801724131,45.57792801724131,45.57792801724131,45.57792801724131,45.57792801724131,45.57792801724131,0.0,0.0,0.0,25780.825841942737
2015-10-19,25743.06066846634,64226.25000000001,20755.536931598144,29390.64955712876,25743.06066846634,25743.06066846634,-567.4168826593115,-567.4168826593115,-567.4168826593115,-567.4168826593115,-567.4168826593115,-567.4168826593115,0.0,0.0,0.0,25175.643785807028
2015-10-26,25750.874208052228,64226.25000000001,20108.569765992826,28738.512762876464,25750.874208052228,25750.874208052228,-1349.322823753599,-1349.322823753599,-1349.322823753599,-1349.322823753599,-1349.322823753599,-1349.322823753599,0.0,0.0,0.0,24401.55138429863
2015-11-02,25758.688531798947,64226.25000000001,19402.43478343295,28286.165653327454,25758.688531798947,25758.688531798947,-1973.5412273611125,-1973.5412273611125,-1973.5412273611125,-1973.5412273611125,-1973.5412273611125,-1973.5412273611125,0.0,0.0,0.0,23785.147304437836
2015-11-09,25766.503638821934,64226.25000000001,19571.179575569393,27914.214144878722,25766.503638821934,25766.503638821934,-2216.5673930477187,-2216.5673930477187,-2216.5673930477187,-2216.5673930477187,-2216.5673930477187,-2216.5673930477187,0.0,0.0,0.0,23549.936245774217
2015-11-16,25774.31952823622,64226.25000000001,19631.821870826963,27872.583813668036,25774.31952823622,25774.31952823622,-2189.7500270929468,-2189.7500270929468,-2189.7500270929468,-2189.7500270929468,-2189.7500270929468,-2189.7500270929468,0.0,0.0,0.0,23584.569501143276
2015-11-23,25782.136199156466,64226.25000000001,19375.963120648175,27987.975664692705,25782.136199156466,25782.136199156466,-2161.12692371678,-2161.12692371678,-2161.12692371678,-2161.12692371678,-2161.12692371678,-2161.12692371678,0.0,0.0,0.0,23621.009275439686
2015-11-30,25939.574517222594,64226.25000000001,19612.92394292707,27998.516634849064,25939.574517222594,25939.574517222594,-2192.36553002493,-2192.36553002493,-2192.36553002493,-2192.36553002493,-2192.36553002493,-2192.36553002493,0.0,0.0,0.0,23747.208987197664
2015-12-07,26097.321599012113,64226.25000000001,19514.816926978616,28537.347139914153,26097.321599012113,26097.321599012113,-2037.8315188433255,-2037.8315188433255,-2037.8315188433255,-2037.8315188433255,-2037.8315188433255,-2037.8315188433255,0.0,0.0,0.0,24059.490080168787
2015-12-14,26255.370137481255,64226.25000000001,20635.904418441136,29206.6017131773,26255.370137481255,26255.370137481255,-1431.1813975177,-1431.1813975177,-1431.1813975177,-1431.1813975177,-1431.1813975177,-1431.1813975177,0.0,0.0,0.0,24824.188739963556
2015-12-21,26413.71276626222,64226.25000000001,21659.01435327481,30554.952067836897,26413.71276626222,26413.71276626222,-425.11637786935677,-425.11637786935677,-425.11637786935677,-425.11637786935677,-425.11637786935677,-425.11637786935677,0.0,0.0,0.0,25988.596388392863
2015-12-28,26572.342060946074,64226.25000000001,22947.82039583975,31691.386584101954,26572.342060946074,26572.342060946074,598.9576248785821,598.9576248785821,598.9576248785821,598.9576248785821,598.9576248785821,598.9576248785821,0.0,0.0,0.0,27171.299685824655
2016-01-04,26731.250540389592,64226.25000000001,23657.18443031032,32373.007966694808,26731.250540389592,26731.250540389592,1243.266082315656,1243.266082315656,1243.266082315656,1243.266082315656,1243.266082315656,1243.266082315656,0.0,0.0,0.0,27974.516622705247
2016-01-11,26890.430668045366,64226.25000000001,23798.449426555977,32790.56452173934,26890.430668045366,26890.430668045366,1376.2062229373896,1376.2062229373896,1376.2062229373896,1376.2062229373896,1376.2062229373896,1376.2062229373896,0.0,0.0,0.0,28266.636890982758
2016-01-18,27049.874853315032,64226.25000000001,23904.895696397485,32383.38945206052,27049.874853315032,27049.874853315032,1122.3147654437535,1122.3147654437535,1122.3147654437535,1122.3147654437535,1122.3147654437535,1122.3147654437535,0.0,0.0,0.0,28172.189618758784
2016-01-25,27209.57545292496,64226.25000000001,23459.527429273825,32336.862505004363,27209.57545292496,27209.57545292496,657.2695109663276,657.2695109663276,657.2695109663276,657.2695109663276,657.2695109663276,657.2695109663276,0.0,0.0,0.0,27866.84496389129
2016-02-01,27369.524772323854,64226.25000000001,23124.441286353893,31711.220959091832,27369.524772323854,27369.524772323854,82.73416132461759,82.73416132461759,82.73416132461759,82.73416132461759,82.73416132461759,82.73416132461759,0.0,0.0,0.0,27452.25893364847
2016-02-08,27529.715067101944,64226.25000000001,22874.035224406227,31650.90888510526,27529.715067101944,27529.715067101944,-520.2044604656083,-520.2044604656083,-520.2044604656083,-520.2044604656083,-520.2044604656083,-520.2044604656083,0.0,0.0,0.0,27009.510606636337
2016-02-15,27701.47084570804,64226.25000000001,22400.04990107872,31106.426858148778,27701.47084570804,27701.47084570804,-1010.208827142767,-1010.208827142767,-1010.208827142767,-1010.208827142767,-1010.208827142767,-1010.208827142767,0.0,0.0,0.0,26691.262018565274
2016-02-22,27873.484265158535,64226.25000000001,22034.5071601403,31011.542804532262,27873.484265158535,27873.484265158535,-1230.235825841513,-1230.235825841513,-1230.235825841513,-1230.235825841513,-1230.235825841513,-1230.235825841513,0.0,0.0,0.0,26643.248439317023
2016-02-29,28045.74564401223,64226.25000000001,22641.310239614388,31428.317928707576,28045.74564401223,28045.74564401223,-1126.789936151837,-1126.789936151837,-1126.789936151837,-1126.789936151837,-1126.789936151837,-1126.789936151837,0.0,0.0,0.0,26918.955707860394
2016-03-07,28218.245243336354,64226.25000000001,23089.86679534782,31987.31116579427,28218.245243336354,28218.245243336354,-787.054327831374,-787.054327831374,-787.054327831374,-787.054327831374,-787.054327831374,-787.054327831374,0.0,0.0,0.0,27431.19091550498
2016-03-14,28390.973268846534,64226.25000000001,23750.589624548953,32439.30846807349,28390.973268846534,28390.973268846534,-358.6832719187459,-358.6832719187459,-358.6832719187459,-358.6832719187459,-358.6832719187459,-358.6832719187459,0.0,0.0,0.0,28032.28999692779
2016-03-21,28563.919873073937,64226.25000000001,24180.753444388763,32861.771090282746,28563.919873073937,28563.919873073937,31.357762475668327,31.357762475668327,31.357762475668327,31.357762475668327,31.357762475668327,31.357762475668327,0.0,0.0,0.0,28595.277635549606
2016-03-28,28737.07515755845,64226.25000000001,24820.46672982592,33553.81240295624,28737.07515755845,28737.07515755845,280.7818859545785,280.7818859545785,280.7818859545785,280.7818859545785,280.7818859545785,280.7818859545785,0.0,0.0,0.0,29017.857043513028
2016-04-04,28910.429175066987,64226.25000000001,25113.333736807366,33596.7753260872,28910.429175066987,28910.429175066987,312.1757075949076,312.1757075949076,312.1757075949076,312.1757075949076,312.1757075949076,312.1757075949076,0.0,0.0,0.0,29222.604882661893
2016-04-11,29083.971931835862,64226.25000000001,24943.120251197666,33567.72211491816,29083.971931835862,29083.971931835862,154.72828754653867,154.72828754653867,154.72828754653867,154.72828754653867,154.72828754653867,154.72828754653867,0.0,0.0,0.0,29238.7002193824
2016-04-18,29257.69338983614,64226.25000000001,25004.34112601958,33666.24054257593,29257.69338983614,29257.69338983614,22.2044618017242,22.2044618017242,22.2044618017242,22.2044618017242,22.2044618017242,22.2044618017242,0.0,0.0,0.0,29279.897851637863
2016-04-25,29431.58346906094,64226.25000000001,25555.30493237621,34207.67864264581,29431.58346906094,29431.58346906094,208.50124444421692,208.50124444421692,208.50124444421692,208.50124444421692,208.50124444421692,208.50124444421692,0.0,0.0,0.0,29640.08471350516
2016-05-02,29605.632049833624,64226.25000000001,25849.211424359182,34437.860123829,29605.632049833624,29605.632049833624,806.5012471482856,806.5012471482856,806.5012471482856,806.5012471482856,806.5012471482856,806.5012471482856,0.0,0.0,0.0,30412.13329698191
2016-05-09,29777.093959875794,64226.25000000001,27092.96781283883,35594.29361255711,29777.093959875794,29777.093959875794,1529.5909555908866,1529.5909555908866,1529.5909555908866,1529.5909555908866,1529.5909555908866,1529.5909555908866,0.0,0.0,0.0,31306.68491546668
2016-05-16,29948.68987532126,64226.25000000001,27695.816536162558,36237.05096649196,29948.68987532126,29948.68987532126,1895.1671822651497,1895.1671822651497,1895.1671822651497,1895.1671822651497,1895.1671822651497,1895.1671822651497,0.0,0.0,0.0,31843.857057586407
2016-05-23,30120.410046116613,64226.25000000001,27253.664780994688,36279.882503239554,30120.410046116613,30120.410046116613,1654.1067398886978,1654.1067398886978,1654.1067398886978,1654.1067398886978,1654.1067398886978,1654.1067398886978,0.0,0.0,0.0,31774.51678600531
2016-05-30,30292.244693741835,64226.25000000001,26982.523124507454,35654.120141293926,30292.244693741835,30292.244693741835,1033.1722607254096,1033.1722607254096,1033.1722607254096,1033.1722607254096,1033.1722607254096,1033.1722607254096,0.0,0.0,0.0,31325.416954467244
2016-06-06,30464.18401342322,64226.25000000001,26547.321151287604,35115.73988141879,30464.18401342322,30464.18401342322,513.0553312646679,513.0553312646679,513.0553312646679,513.0553312646679,513.0553312646679,513.0553312646679,0.0,0.0,0.0,30977.239344687885
2016-06-13,30636.21817635887,64226.25000000001,26855.59834769995,35833.53019522773,30636.21817635887,30636.21817635887,364.6169560193234,364.6169560193234,364.6169560193234,364.6169560193234,364.6169560193234,364.6169560193234,0.0,0.0,0.0,31000.835132378194
2016-06-20,30808.337331956016,64226.25000000001,27005.315516001614,35767.89989495331,30808.337331956016,30808.337331956016,438.6292967605406,438.6292967605406,438.6292967605406,438.6292967605406,438.6292967605406,438.6292967605406,0.0,0.0,0.0,31246.966628716556
2016-06-27,30980.531610078942,64226.25000000001,26807.883248583432,35689.564353707094,30980.531610078942,30980.531610078942,413.72202420494585,413.72202420494585,413.72202420494585,413.72202420494585,413.72202420494585,413.72202420494585,0.0,0.0,0.0,31394.253634283887
2016-07-04,31152.791123306364,64226.25000000001,26892.931734249047,35968.523259374124,31152.791123306364,31152.791123306364,184.22827256933218,184.22827256933218,184.22827256933218,184.22827256933218,184.22827256933218,184.22827256933218,0.0,0.0,0.0,31337.019395875697
2016-07-11,31325.105969197408,64226.25000000001,26736.744298619382,35718.27404359034,31325.105969197408,31325.105969197408,-65.87387907690885,-65.87387907690885,-65.87387907690885,-65.87387907690885,-65.87387907690885,-65.87387907690885,0.0,0.0,0.0,31259.2320901205
2016-07-18,31497.46623256476,64226.25000000001,27160.82661176826,36054.437522579,31497.46623256476,31497.46623256476,-149.1854200758427,-149.1854200758427,-149.1854200758427,-149.1854200758427,-149.1854200758427,-149.1854200758427,0.0,0.0,0.0,31348.280812488916
2016-07-25,31490.930362351482,64226.25000000001,27156.119837636426,35610.56609787104,31490.930362351482,31490.930362351482,-124.04216413153793,-124.04216413153793,-124.04216413153793,-124.04216413153793,-124.04216413153793,-124.04216413153793,0.0,0.0,0.0,31366.888198219945
2016-08-01,31484.39454370351,64226.25000000001,26879.328328140604,36067.677648673205,31484.39454370351,31484.39454370351,-178.14938789219838,-178.14938789219838,-178.14938789219838,-178.14938789219838,-178.14938789219838,-178.14938789219838,0.0,0.0,0.0,31306.245155811313
2016-08-08,31477.8587771621,64226.25000000001,26778.222533845572,35386.43565924909,31477.8587771621,31477.8587771621,-306.65295771025876,-306.65295771025876,-306.65295771025876,-306.65295771025876,-306.65295771025876,-306.65295771025876,0.0,0.0,0.0,31171.20581945184
2016-08-15,31471.323063268475,64226.25000000001,26782.06057641002,35522.42621575914,31471.323063268475,31471.323063268475,-230.39792666164578,-230.39792666164578,-230.39792666164578,-230.39792666164578,-230.39792666164578,-230.39792666164578,0.0,0.0,0.0,31240.92513660683
2016-08-22,31464.787402563867,64226.25000000001,27483.09007689953,36294.27564221382,31464.787402563867,31464.787402563867,290.21476317746107,290.21476317746107,290.21476317746107,290.21476317746107,290.21476317746107,290.21476317746107,0.0,0.0,0.0,31755.002165741327
2016-08-29,31458.251795589473,64226.25000000001,28127.91027796048,37019.29146601945,31458.251795589473,31458.251795589473,1104.1897480310574,1104.1897480310574,1104.1897480310574,1104.1897480310574,1104.1897480310574,1104.1897480310574,0.0,0.0,0.0,32562.44154362053
2016-09-05,31451.71624288646,64226.25000000001,28989.611701873615,37232.0820354271,31451.71624288646,31451.71624288646,1728.3514064427354,1728.3514064427354,1728.3514064427354,1728.3514064427354,1728.3514064427354,1728.3514064427354,0.0,0.0,0.0,33180.0676493292
2016-09-12,31445.18074499601,64226.25000000001,28758.56450776785,37478.21967597182,31445.18074499601,31445.18074499601,1791.0712439438148,1791.0712439438148,1791.0712439438148,1791.0712439438148,1791.0712439438148,1791.0712439438148,0.0,0.0,0.0,33236.251988939825
2016-09-19,31438.645302459274,64226.25000000001,28542.949298836305,37145.355531141286,31438.645302459274,31438.645302459274,1370.868592735912,1370.868592735912,1370.868592735912,1370.868592735912,1370.868592735912,1370.868592735912,0.0,0.0,0.0,32809.51389519519
2016-09-26,31432.109915817353,64226.25000000001,27871.35093074563,36631.56559476602,31432.109915817353,31432.109915817353,851.0893898933531,851.0893898933531,851.0893898933531,851.0893898933531,851.0893898933531,851.0893898933531,0.0,0.0,0.0,32283.199305710707
2016-10-03,31425.574585611375,64226.25000000001,27247.874310298914,36237.932843585106,31425.574585611375,31425.574585611375,475.2876337210832,475.2876337210832,475.2876337210832,475.2876337210832,475.2876337210832,475.2876337210832,0.0,0.0,0.0,31900.86221933246
2016-10-10,31419.039312382447,64226.25000000001,27029.988733720485,35708.00060699025,31419.039312382447,31419.039312382447,126.01293699000966,126.01293699000966,126.01293699000966,126.01293699000966,126.01293699000966,126.01293699000966,0.0,0.0,0.0,31545.052249372457
2016-10-17,31403.066084655617,64226.25000000001,26605.141410624714,35489.221888080436,31403.066084655617,31403.066084655617,-438.677146738449,-438.677146738449,-438.677146738449,-438.677146738449,-438.677146738449,-438.677146738449,0.0,0.0,0.0,30964.388937917167
2016-10-24,31387.093208446673,64226.25000000001,25913.4201094653,34579.53784348014,31387.093208446673,31387.093208446673,-1210.8716549833919,-1210.8716549833919,-1210.8716549833919,-1210.8716549833919,-1210.8716549833919,-1210.8716549833919,0.0,0.0,0.0,30176.22155346328
2016-10-31,31371.12069165508,64226.25000000001,25132.097097404556,33564.92679706253,31371.12069165508,31371.12069165508,-1887.700124613972,-1887.700124613972,-1887.700124613972,-1887.700124613972,-1887.700124613972,-1887.700124613972,0.0,0.0,0.0,29483.420567041107
2016-11-07,31355.148542179548,64226.25000000001,24703.517906596495,33362.64548597005,31355.148542179548,31355.148542179548,-2200.2997898089443,-2200.2997898089443,-2200.2997898089443,-2200.2997898089443,-2200.2997898089443,-2200.2997898089443,0.0,0.0,0.0,29154.848752370603
2016-11-14,31339.17676791808,64226.25000000001,24452.10813906571,33453.17328968612,31339.17676791808,31339.17676791808,-2201.5446543662806,-2201.5446543662806,-2201.5446543662806,-2201.5446543662806,-2201.5446543662806,-2201.5446543662806,0.0,0.0,0.0,29137.6321135518
2016-11-21,31323.205376767968,64226.25000000001,24871.039868510612,33414.56405698369,31323.205376767968,31323.205376767968,-2158.9625821730815,-2158.9625821730815,-2158.9625821730815,-2158.9625821730815,-2158.9625821730815,-2158.9625821730815,0.0,0.0,0.0,29164.242794594888
2016-11-28,31307.234376625704,64226.25000000001,24505.12503064648,33610.06322502419,31307.234376625704,31307.234376625704,-2190.6852806793177,-2190.6852806793177,-2190.6852806793177,-2190.6852806793177,-2190.6852806793177,-2190.6852806793177,0.0,0.0,0.0,29116.549095946386
2016-12-05,31291.26377538701,64226.25000000001,24828.40300644335,33781.58806258079,31291.26377538701,31291.26377538701,-2093.730003998248,-2093.730003998248,-2093.730003998248,-2093.730003998248,-2093.730003998248,-2093.730003998248,0.0,0.0,0.0,29197.533771388764
2016-12-12,31275.293580946847,64226.25000000001,25352.93806031887,34344.467343378135,31275.293580946847,31275.293580946847,-1575.748936280082,-1575.748936280082,-1575.748936280082,-1575.748936280082,-1575.748936280082,-1575.748936280082,0.0,0.0,0.0,29699.544644666767
2016-12-19,31259.32380119933,64226.25000000001,26411.968816151053,34939.19130817782,31259.32380119933,31259.32380119933,-619.5111189290446,-619.5111189290446,-619.5111189290446,-619.5111189290446,-619.5111189290446,-619.5111189290446,0.0,0.0,0.0,30639.812682270287
2016-12-26,31243.354444037814,64226.25000000001,27583.593367849167,35827.08030290889,31243.354444037814,31243.354444037814,435.0179337628872,435.0179337628872,435.0179337628872,435.0179337628872,435.0179337628872,435.0179337628872,0.0,0.0,0.0,31678.3723778007
2017-01-02,31227.38551654051,64226.25000000001,27787.49378875602,36461.753403234994,31227.38551654051,31227.38551654051,1166.1926024286329,1166.1926024286329,1166.1926024286329,1166.1926024286329,1166.1926024286329,1166.1926024286329,0.0,0.0,0.0,32393.578118969144
2017-01-09,31211.41702741336,64226.25000000001,27584.34926344731,37030.542479493786,31211.41702741336,31211.41702741336,1386.367579232588,1386.367579232588,1386.367579232588,1386.367579232588,1386.367579232588,1386.367579232588,0.0,0.0,0.0,32597.78460664595
2017-01-16,31195.448984547096,64226.25000000001,27968.00553218053,36845.952553380666,31195.448984547096,31195.448984547096,1187.4028157817406,1187.4028157817406,1187.4028157817406,1187.4028157817406,1187.4028157817406,1187.4028157817406,0.0,0.0,0.0,32382.851800328837
2017-01-23,31179.481395831604,64226.25000000001,27642.299645447256,36332.571126098155,31179.481395831604,31179.481395831604,750.3486436840866,750.3486436840866,750.3486436840866,750.3486436840866,750.3486436840866,750.3486436840866,0.0,0.0,0.0,31929.83003951569
2017-01-30,31163.514269155858,64226.25000000001,27175.310381930383,35811.88045966339,31163.514269155858,31163.514269155858,190.32729813988828,190.32729813988828,190.32729813988828,190.32729813988828,190.32729813988828,190.32729813988828,0.0,0.0,0.0,31353.841567295745
2017-02-06,31147.547612407947,64226.25000000001,26287.81060141775,35079.61007444254,31147.547612407947,31147.547612407947,-415.8957095730682,-415.8957095730682,-415.8957095730682,-415.8957095730682,-415.8957095730682,-415.8957095730682,0.0,0.0,0.0,30731.651902834878
2017-02-13,31131.581433474985,64226.25000000001,25864.695902008145,34865.71103709758,31131.581433474985,31131.581433474985,-938.7089740342026,-938.7089740342026,-938.7089740342026,-938.7089740342026,-938.7089740342026,-938.7089740342026,0.0,0.0,0.0,30192.872459440783
2017-02-20,31115.61574024317,64226.25000000001,25402.262475904216,34390.46873197967,31115.61574024317,31115.61574024317,-1215.15548416463,-1215.15548416463,-1215.15548416463,-1215.15548416463,-1215.15548416463,-1215.15548416463,0.0,0.0,0.0,29900.460256078542
2017-02-27,31099.65054059774,64226.25000000001,25551.95620686213,34180.587008569964,31099.65054059774,31099.65054059774,-1166.542094473075,-1166.542094473075,-1166.542094473075,-1166.542094473075,-1166.542094473075,-1166.542094473075,0.0,0.0,0.0,29933.108446124665
2017-03-06,31083.685842422943,64226.25000000001,25849.779044140185,34848.51508728661,31083.685842422943,31083.685842422943,-858.4654544098134,-858.4654544098134,-858.4654544098134,-858.4654544098134,-858.4654544098134,-858.4654544098134,0.0,0.0,0.0,30225.22038801313
2017-03-13,31067.721653602035,64226.25000000001,26358.499513213344,35161.819998066814,31067.721653602035,31067.721653602035,-435.5505794408171,-435.5505794408171,-435.5505794408171,-435.5505794408171,-435.5505794408171,-435.5505794408171,0.0,0.0,0.0,30632.17107416122
2017-03-20,31051.757982017276,64226.25000000001,26461.75093341712,35424.97887708371,31051.757982017276,31051.757982017276,-30.78769948250778,-30.78769948250778,-30.78769948250778,-30.78769948250778,-30.78769948250778,-30.78769948250778,0.0,0.0,0.0,31020.970282534767
2017-03-27,31035.794842218645,64226.25000000001,26751.94163221635,35829.6759296379,31035.794842218645,31035.794842218645,250.719085982451,250.719085982451,250.719085982451,250.719085982451,250.719085982451,250.719085982451,0.0,0.0,0.0,31286.513928201097
2017-04-03,31019.832235417132,64226.25000000001,27125.24595997239,35795.59120423738,31019.832235417132,31019.832235417132,323.53877953228556,323.53877953228556,323.53877953228556,323.53877953228556,323.53877953228556,323.53877953228556,0.0,0.0,0.0,31343.371014949418
2017-04-10,31003.87016949188,64226.25000000001,26744.483538328568,35185.751706176015,31003.87016949188,31003.87016949188,189.49421952171684,189.49421952171684,189.49421952171684,189.49421952171684,189.49421952171684,189.49421952171684,0.0,0.0,0.0,31193.364389013594
2017-04-17,30987.908652320933,64226.25000000001,26558.304233844563,35364.0619658121,30987.908652320933,30987.908652320933,30.09952867476194,30.09952867476194,30.09952867476194,30.09952867476194,30.09952867476194,30.09952867476194,0.0,0.0,0.0,31018.008180995694
2017-04-24,30971.947691781268,64226.25000000001,26601.082172613795,35854.934183104546,30971.947691781268,30971.947691781268,142.94568652699192,142.94568652699192,142.94568652699192,142.94568652699192,142.94568652699192,142.94568652699192,0.0,0.0,0.0,31114.89337830826
2017-05-01,30955.98729574876,64226.25000000001,27056.43639819056,35972.04717014161,30955.98729574876,30955.98729574876,677.5836140868522,677.5836140868522,677.5836140868522,677.5836140868522,677.5836140868522,677.5836140868522,0.0,0.0,0.0,31633.570909835613
2017-05-08,30940.02747209817,64226.25000000001,27866.13796411779,36506.799075637864,30940.02747209817,30940.02747209817,1413.3027147520818,1413.3027147520818,1413.3027147520818,1413.3027147520818,1413.3027147520818,1413.3027147520818,0.0,0.0,0.0,32353.33018685025
2017-05-15,30924.068228703123,64226.25000000001,28373.922236829767,37242.65569395299,30924.068228703123,30924.068228703123,1873.2294267420402,1873.2294267420402,1873.2294267420402,1873.2294267420402,1873.2294267420402,1873.2294267420402,0.0,0.0,0.0,32797.29765544516
2017-05-22,30908.109573436086,64226.25000000001,28315.28500033597,36825.59864518615,30908.109573436086,30908.109573436086,1737.3716692775135,1737.3716692775135,1737.3716692775135,1737.3716692775135,1737.3716692775135,1737.3716692775135,0.0,0.0,0.0,32645.4812427136
2017-05-29,30892.151514168378,64226.25000000001,27770.304610962783,36425.46658084731,30892.151514168378,30892.151514168378,1150.31227121996,1150.31227121996,1150.31227121996,1150.31227121996,1150.31227121996,1150.31227121996,0.0,0.0,0.0,32042.463785388336
2017-06-05,30876.194058770114,64226.25000000001,26979.676435375917,35859.09732554051,30876.194058770114,30876.194058770114,580.857476706523,580.857476706523,580.857476706523,580.857476706523,580.857476706523,580.857476706523,0.0,0.0,0.0,31457.051535476636
2017-06-12,31004.433536205943,64226.25000000001,26905.223865984848,35662.967522214996,31004.433536205943,31004.433536205943,365.81634163600773,365.81634163600773,365.81634163600773,365.81634163600773,365.81634163600773,365.81634163600773,0.0,0.0,0.0,31370.24987784195
2017-06-19,31132.708426168407,64226.25000000001,27339.408083639162,35932.76681528087,31132.708426168407,31132.708426168407,424.43648418896316,424.43648418896316,424.43648418896316,424.43648418896316,424.43648418896316,424.43648418896316,0.0,0.0,0.0,31557.14491035737
2017-06-26,31261.014639598074,64226.25000000001,27311.127220170725,36468.26171546618,31261.014639598074,31261.014639598074,434.76438815441463,434.76438815441463,434.76438815441463,434.76438815441463,434.76438815441463,434.76438815441463,0.0,0.0,0.0,31695.779027752487
2017-07-03,31389.348083434434,64226.25000000001,27446.583475646894,35965.6962234294,31389.348083434434,31389.348083434434,234.22524351845115,234.22524351845115,234.22524351845115,234.22524351845115,234.22524351845115,234.22524351845115,0.0,0.0,0.0,31623.573326952886
2017-07-10,31517.704661137555,64226.25000000001,27173.07922935442,35598.82160911287,31517.704661137555,31517.704661137555,-30.666492011382868,-30.666492011382868,-30.666492011382868,-30.666492011382868,-30.666492011382868,-30.666492011382868,0.0,0.0,0.0,31487.038169126172
2017-07-17,31646.080273210628,64226.25000000001,27476.060020782836,36134.220792417116,31646.080273210628,31646.080273210628,-147.3655152074202,-147.3655152074202,-147.3655152074202,-147.3655152074202,-147.3655152074202,-147.3655152074202,0.0,0.0,0.0,31498.714758003207
2017-07-24,31774.47081772339,64226.25000000001,27361.10131615148,35880.521543525836,31774.47081772339,31774.47081772339,-127.32588916716067,-127.32588916716067,-127.32588916716067,-127.32588916716067,-127.32588916716067,-127.32588916716067,0.0,0.0,0.0,31647.14492855623
2017-07-31,31902.872190836082,64226.25000000001,27617.35064807516,35978.05399324836,31902.872190836082,31902.872190836082,-158.55385275662388,-158.55385275662388,-158.55385275662388,-158.55385275662388,-158.55385275662388,-158.55385275662388,0.0,0.0,0.0,31744.318338079458
2017-08-07,32031.280287324105,64226.25000000001,27200.274108569287,35876.89240565839,32031.280287324105,32031.280287324105,-288.6312691914074,-288.6312691914074,-288.6312691914074,-288.6312691914074,-288.6312691914074,-288.6312691914074,0.0,0.0,0.0,31742.6490181327
2017-08-14,32159.6910011029,64226.25000000001,27444.74403231306,36285.27786055532,32159.6910011029,32159.6910011029,-273.5399930688381,-273.5399930688381,-273.5399930688381,-273.5399930688381,-273.5399930688381,-273.5399930688381,0.0,0.0,0.0,31886.151008034063
2017-08-21,32288.10022575312,64226.25000000001,28194.378801572188,36909.982650847494,32288.10022575312,32288.10022575312,165.24784105220465,165.24784105220465,165.24784105220465,165.24784105220465,165.24784105220465,165.24784105220465,0.0,0.0,0.0,32453.348066805327
2017-08-28,32416.503855045903,64226.25000000001,28815.064073107842,37667.82491313206,32416.503855045903,32416.503855045903,957.3186625733218,957.3186625733218,957.3186625733218,957.3186625733218,957.3186625733218,957.3186625733218,0.0,0.0,0.0,33373.82251761923
2017-09-04,32544.897787614293,64226.25000000001,29890.314058410906,38648.85541705594,32544.897787614293,32544.897787614293,1652.4540928109866,1652.4540928109866,1652.4540928109866,1652.4540928109866,1652.4540928109866,1652.4540928109866,0.0,0.0,0.0,34197.35188042528
2017-09-11,32673.27791503856,64226.25000000001,29880.610443764614,38881.912500355924,32673.27791503856,32673.27791503856,1823.7666331139646,1823.7666331139646,1823.7666331139646,1823.7666331139646,1823.7666331139646,1823.7666331139646,0.0,0.0,0.0,34497.044548152524
2017-09-18,32801.6401348112,64226.25000000001,30004.94488725813,38551.22827178322,32801.6401348112,32801.6401348112,1464.9992478081233,1464.9992478081233,1464.9992478081233,1464.9992478081233,1464.9992478081233,1464.9992478081233,0.0,0.0,0.0,34266.63938261932
2017-09-25,32929.98034671427,64226.25000000001,29559.712053513522,38017.19171867277,32929.98034671427,32929.98034671427,935.6019280058871,935.6019280058871,935.6019280058871,935.6019280058871,935.6019280058871,935.6019280058871,0.0,0.0,0.0,33865.58227472016
2017-10-02,33058.29445334298,64226.25000000001,29172.872248094387,38081.14976669583,33058.29445334298,33058.29445334298,533.0502050638669,533.0502050638669,533.0502050638669,533.0502050638669,533.0502050638669,533.0502050638669,0.0,0.0,0.0,33591.34465840685
2017-10-09,33186.578360628526,64226.25000000001,28410.481791948583,37416.833948099316,33186.578360628526,33186.578360628526,198.79426111128868,198.79426111128868,198.79426111128868,198.79426111128868,198.79426111128868,198.79426111128868,0.0,0.0,0.0,33385.372621739814
2017-10-16,33314.827978359914,64226.25000000001,28870.46827300704,37568.89756411567,33314.827978359914,33314.827978359914,-317.47248754337744,-317.47248754337744,-317.47248754337744,-317.47248754337744,-317.47248754337744,-317.47248754337744,0.0,0.0,0.0,32997.35549081654
2017-10-23,33443.0392207049,64226.25000000001,28041.941258350398,36650.18762939554,33443.0392207049,33443.0392207049,-1069.2733585665965,-1069.2733585665965,-1069.2733585665965,-1069.2733585665965,-1069.2733585665965,-1069.2733585665965,0.0,0.0,0.0,32373.765862138305
2017-10-30,33571.208006729634,64226.25000000001,27266.59070446338,36240.01710874524,33571.208006729634,33571.208006729634,-1789.2480264847952,-1789.2480264847952,-1789.2480264847952,-1789.2480264847952,-1789.2480264847952,-1789.2480264847952,0.0,0.0,0.0,31781.95998024484
2017-11-06,33699.33026091696,64226.25000000001,27180.09894933618,35934.69767551538,33699.33026091696,33699.33026091696,-2173.4425390407623,-2173.4425390407623,-2173.4425390407623,-2173.4425390407623,-2173.4425390407623,-2173.4425390407623,0.0,0.0,0.0,31525.8877218762
2017-11-13,33827.401913683396,64226.25000000001,27114.570819806613,35659.578181123296,33827.401913683396,33827.401913683396,-2212.4084468354304,-2212.4084468354304,-2212.4084468354304,-2212.4084468354304,-2212.4084468354304,-2212.4084468354304,0.0,0.0,0.0,31614.993466847965
2017-11-20,33955.418904964026,64226.25000000001,27090.973753803908,35974.424554627185,33955.418904964026,33955.418904964026,-2160.16463538377,-2160.16463538377,-2160.16463538377,-2160.16463538377,-2160.16463538377,-2160.16463538377,0.0,0.0,0.0,31795.254269580255
2017-11-27,34083.37717551395,64226.25000000001,27573.159819500324,36132.39019846759,34083.37717551395,34083.37717551395,-2185.1864566380896,-2185.1864566380896,-2185.1864566380896,-2185.1864566380896,-2185.1864566380896,-2185.1864566380896,0.0,0.0,0.0,31898.190718875863
2017-12-04,34211.27267663472,64226.25000000001,27611.91324460048,36484.074705610365,34211.27267663472,34211.27267663472,-2135.3749923061036,-2135.3749923061036,-2135.3749923061036,-2135.3749923061036,-2135.3749923061036,-2135.3749923061036,0.0,0.0,0.0,32075.897684328615
2017-12-11,34339.10136761153,64226.25000000001,28302.9536567898,36790.89193991537,34339.10136761153,34339.10136761153,-1705.2737953523113,-1705.2737953523113,-1705.2737953523113,-1705.2737953523113,-1705.2737953523113,-1705.2737953523113,0.0,0.0,0.0,32633.827572259223
2017-12-18,34466.85921622074,64226.25000000001,29552.002611941232,37903.64204605811,34466.85921622074,34466.85921622074,-810.5491197584049,-810.5491197584049,-810.5491197584049,-810.5491197584049,-810.5491197584049,-810.5491197584049,0.0,0.0,0.0,33656.31009646234
2017-12-25,34594.542199235024,64226.25000000001,30270.553334193944,39061.7267708933,34594.542199235024,34594.542199235024,260.0487636411917,260.0487636411917,260.0487636411917,260.0487636411917,260.0487636411917,260.0487636411917,0.0,0.0,0.0,34854.59096287622
2018-01-01,34722.14630292619,64226.25000000001,31031.39079409464,40282.92920204801,34722.14630292619,34722.14630292619,1072.0092136498993,1072.0092136498993,1072.0092136498993,1072.0092136498993,1072.0092136498993,1072.0092136498993,0.0,0.0,0.0,35794.15551657609
2018-01-08,34849.66752356531,64226.25000000001,31910.476912185415,40486.13177871111,34849.66752356531,34849.66752356531,1382.9557183134432,1382.9557183134432,1382.9557183134432,1382.9557183134432,1382.9557183134432,1382.9557183134432,0.0,0.0,0.0,36232.623241878755
2018-01-15,34977.101867920326,64226.25000000001,32047.59988228223,40846.461188571855,34977.101867920326,34977.101867920326,1245.1495855437822,1245.1495855437822,1245.1495855437822,1245.1495855437822,1245.1495855437822,1245.1495855437822,0.0,0.0,0.0,36222.25145346411
2018-01-22,35104.44535375072,64226.25000000001,31431.779084955586,40123.60113728158,35104.44535375072,35104.44535375072,839.6302215528539,839.6302215528539,839.6302215528539,839.6302215528539,839.6302215528539,839.6302215528539,0.0,0.0,0.0,35944.07557530358
2018-01-29,35231.694010299274,64226.25000000001,30878.677062663202,39988.774734832805,35231.694010299274,35231.694010299274,296.2595414942294,296.2595414942294,296.2595414942294,296.2595414942294,296.2595414942294,296.2595414942294,0.0,0.0,0.0,35527.9535517935
2018-02-05,35358.84387878079,64226.25000000001,30609.90925736209,39482.30741415638,35358.84387878079,35358.84387878079,-309.0565757455315,-309.0565757455315,-309.0565757455315,-309.0565757455315,-309.0565757455315,-309.0565757455315,0.0,0.0,0.0,35049.78730303526
2018-02-12,35485.89101175371,64226.25000000001,30265.685950111787,38946.444973864825,35485.89101175371,35485.89101175371,-859.109778424241,-859.109778424241,-859.109778424241,-859.109778424241,-859.109778424241,-859.109778424241,0.0,0.0,0.0,34626.78123332947
2018-02-19,35612.83147694578,64226.25000000001,29961.430381447113,38671.18123234877,35612.83147694578,35612.83147694578,-1189.2834407820037,-1189.2834407820037,-1189.2834407820037,-1189.2834407820037,-1189.2834407820037,-1189.2834407820037,0.0,0.0,0.0,34423.548036163775
2018-02-26,35739.661354387514,64226.25000000001,30170.60863525691,38946.83347974838,35739.661354387514,35739.661354387514,-1197.808867617808,-1197.808867617808,-1197.808867617808,-1197.808867617808,-1197.808867617808,-1197.808867617808,0.0,0.0,0.0,34541.852486769705
2018-03-05,35866.376738003004,64226.25000000001,30460.997453545737,39317.62882630748,35866.376738003004,35866.376738003004,-926.2814361459053,-926.2814361459053,-926.2814361459053,-926.2814361459053,-926.2814361459053,-926.2814361459053,0.0,0.0,0.0,34940.0953018571
2018-03-12,35992.97373608144,64226.25000000001,31074.611778658033,40006.9348082919,35992.97373608144,35992.97373608144,-513.0809747358329,-513.0809747358329,-513.0809747358329,-513.0809747358329,-513.0809747358329,-513.0809747358329,0.0,0.0,0.0,35479.8927613456
2018-03-19,36119.44847174471,64226.25000000001,31787.860916024143,40145.16614884725,36119.44847174471,36119.44847174471,-96.87719921392458,-96.87719921392458,-96.87719921392458,-96.87719921392458,-96.87719921392458,-96.87719921392458,0.0,0.0,0.0,36022.57127253079
2018-03-26,36245.7970834113,64226.25000000001,31966.335633381117,40985.93413492465,36245.7970834113,36245.7970834113,213.79615087923224,213.79615087923224,213.79615087923224,213.79615087923224,213.79615087923224,213.79615087923224,0.0,0.0,0.0,36459.59323429053
2018-04-02,36372.01572525585,64226.25000000001,32386.943057642853,41184.21831646366,36372.01572525585,36372.01572525585,327.7812944788647,327.7812944788647,327.7812944788647,327.7812944788647,327.7812944788647,327.7812944788647,0.0,0.0,0.0,36699.79701973472
2018-04-09,36498.10056766489,64226.25000000001,31987.876631881216,40932.660232743605,36498.10056766489,36498.10056766489,223.0643461109424,223.0643461109424,223.0643461109424,223.0643461109424,223.0643461109424,223.0643461109424,0.0,0.0,0.0,36721.164913775836
2018-04-16,36624.04779768805,64226.25000000001,32171.996942480117,41255.66338467902,36624.04779768805,36624.04779768805,47.06588690886629,47.06588690886629,47.06588690886629,47.06588690886629,47.06588690886629,47.06588690886629,0.0,0.0,0.0,36671.113684596916
2018-04-23,36749.85361948508,64226.25000000001,32240.39300432974,41131.81919114767,36749.85361948508,36749.85361948508,91.92944715100278,91.92944715100278,91.92944715100278,91.92944715100278,91.92944715100278,91.92944715100278,0.0,0.0,0.0,36841.78306663608
2018-04-30,36875.514259099014,64226.25000000001,32984.312341621655,42055.39713471047,36875.514259099014,36875.514259099014,555.86467178235,555.86467178235,555.86467178235,555.86467178235,555.86467178235,555.86467178235,0.0,0.0,0.0,37431.378930881365
2018-05-07,37001.02595189155,64226.25000000001,33983.884505199945,42736.529880672206,37001.02595189155,37001.02595189155,1287.7772644755935,1287.7772644755935,1287.7772644755935,1287.7772644755935,1287.7772644755935,1287.7772644755935,0.0,0.0,0.0,38288.803216367145
2018-05-14,37126.3849559888,64226.25000000001,34745.26965065007,43226.626275636,37126.3849559888,37126.3849559888,1830.9132904627268,1830.9132904627268,1830.9132904627268,1830.9132904627268,1830.9132904627268,1830.9132904627268,0.0,0.0,0.0,38957.29824645152
2018-05-21,37251.58754836902,64226.25000000001,34829.6115205909,43309.17225701646,37251.58754836902,37251.58754836902,1805.2824312312798,1805.2824312312798,1805.2824312312798,1805.2824312312798,1805.2824312312798,1805.2824312312798,0.0,0.0,0.0,39056.8699796003
2018-05-28,37376.630025286184,64226.25000000001,34014.78353069961,42872.18631562611,37376.630025286184,37376.630025286184,1268.4245734148012,1268.4245734148012,1268.4245734148012,1268.4245734148012,1268.4245734148012,1268.4245734148012,0.0,0.0,0.0,38645.05459870098
2018-06-04,37501.50870268852,64226.25000000001,33643.34831144806,42065.26847089765,37501.50870268852,37501.50870268852,661.2291724374493,661.2291724374493,661.2291724374493,661.2291724374493,661.2291724374493,661.2291724374493,0.0,0.0,0.0,38162.737875125975
2018-06-11,37626.21991663204,64226.25000000001,33749.75755375559,42361.083841523636,37626.21991663204,37626.21991663204,376.45546907302014,376.45546907302014,376.45546907302014,376.45546907302014,376.45546907302014,376.45546907302014,0.0,0.0,0.0,38002.675385705064
2018-06-18,37750.76002368885,64226.25000000001,33624.61403624173,42349.16552586084,37750.76002368885,37750.76002368885,408.18495816570714,408.18495816570714,408.18495816570714,408.18495816570714,408.18495816570714,408.18495816570714,0.0,0.0,0.0,38158.944981854554
2018-06-25,37875.12540135027,64226.25000000001,33894.35349599652,42199.16116705004,37875.12540135027,37875.12540135027,448.11963300271975,448.11963300271975,448.11963300271975,448.11963300271975,448.11963300271975,448.11963300271975,0.0,0.0,0.0,38323.24503435299
2018-07-02,37999.31244842455,64226.25000000001,33677.211089674434,42523.15553424833,37999.31244842455,37999.31244842455,281.98164322232725,281.98164322232725,281.98164322232725,281.98164322232725,281.98164322232725,281.98164322232725,0.0,0.0,0.0,38281.29409164688
2018-07-09,38123.31758542917,64226.25000000001,33683.01586947913,42780.2527752445,38123.31758542917,38123.31758542917,9.989488387643956,9.989488387643956,9.989488387643956,9.989488387643956,9.989488387643956,9.989488387643956,0.0,0.0,0.0,38133.30707381681
2018-07-16,38247.13725497763,64226.25000000001,33914.7766463911,42563.60010948888,38247.13725497763,38247.13725497763,-140.61332398794778,-140.61332398794778,-140.61332398794778,-140.61332398794778,-140.61332398794778,-140.61332398794778,0.0,0.0,0.0,38106.52393098968
2018-07-23,38370.76788859284,64226.25000000001,34184.90884267964,42595.19920731812,38370.76788859284,38370.76788859284,-132.67547375705962,-132.67547375705962,-132.67547375705962,-132.67547375705962,-132.67547375705962,-132.67547375705962,0.0,0.0,0.0,38238.09241483578
2018-07-30,38494.20600789173,64226.25000000001,33774.70992952031,42496.29990209937,38494.20600789173,38494.20600789173,-143.03643577687376,-143.03643577687376,-143.03643577687376,-143.03643577687376,-143.03643577687376,-143.03643577687376,0.0,0.0,0.0,38351.16957211486
2018-08-06,38617.44812404317,64226.25000000001,33915.992202643676,42789.10881939613,38617.44812404317,38617.44812404317,-266.1264248443298,-266.1264248443298,-266.1264248443298,-266.1264248443298,-266.1264248443298,-266.1264248443298,0.0,0.0,0.0,38351.32169919884
2018-08-13,38740.49077180256,64226.25000000001,34167.63268594312,42934.44196203945,38740.49077180256,38740.49077180256,-302.1260732190255,-302.1260732190255,-302.1260732190255,-302.1260732190255,-302.1260732190255,-302.1260732190255,0.0,0.0,0.0,38438.36469858353
2018-08-20,38863.330509869775,64226.25000000001,34242.83723136143,43212.83517724571,38863.330509869775,38863.330509869775,52.70757024354405,52.70757024354405,52.70757024354405,52.70757024354405,52.70757024354405,52.70757024354405,0.0,0.0,0.0,38916.03808011332
2018-08-27,38985.963921241404,64226.25000000001,35486.00483334399,44241.64137699044,38985.963921241404,38985.963921241404,807.2951180509061,807.2951180509061,807.2951180509061,807.2951180509061,807.2951180509061,807.2951180509061,0.0,0.0,0.0,39793.25903929231
2018-09-03,39108.387613556726,64226.25000000001,36365.90104098742,44840.292842165356,39108.387613556726,39108.387613556726,1558.5806281030477,1558.5806281030477,1558.5806281030477,1558.5806281030477,1558.5806281030477,1558.5806281030477,0.0,0.0,0.0,40666.96824165977
2018-09-10,39230.59821943772,64226.25000000001,36892.9594980702,45590.59035140988,39230.59821943772,39230.59821943772,1838.4616191359567,1838.4616191359567,1838.4616191359567,1838.4616191359567,1838.4616191359567,1838.4616191359567,0.0,0.0,0.0,41069.05983857368
2018-09-17,39352.59239682295,64226.25000000001,36760.09443355484,45430.05585004866,39352.59239682295,39352.59239682295,1553.906656567373,1553.906656567373,1553.906656567373,1553.906656567373,1553.906656567373,1553.906656567373,0.0,0.0,0.0,40906.49905339032
2018-09-24,39474.36682929507,64226.25000000001,36496.6881904625,44989.650108816786,39474.36682929507,39474.36682929507,1025.2702058132138,1025.2702058132138,1025.2702058132138,1025.2702058132138,1025.2702058132138,1025.2702058132138,0.0,0.0,0.0,40499.63703510828
2018-10-01,39595.91822640235,64226.25000000001,35946.38399325009,44649.64220129498,39595.91822640235,39595.91822640235,593.5777678232373,593.5777678232373,593.5777678232373,593.5777678232373,593.5777678232373,593.5777678232373,0.0,0.0,0.0,40189.49599422559
2018-10-08,39539.86876357979,64226.25000000001,35200.54253041281,44229.403645510414,39539.86876357979,39539.86876357979,265.15106435954374,265.15106435954374,265.15106435954374,265.15106435954374,265.15106435954374,265.15106435954374,0.0,0.0,0.0,39805.01982793934
2018-10-15,39483.771454357346,64226.25000000001,34658.1156628847,43704.828662259686,39483.771454357346,39483.771454357346,-204.7783125263181,-204.7783125263181,-204.7783125263181,-204.7783125263181,-204.7783125263181,-204.7783125263181,0.0,0.0,0.0,39278.99314183103
2018-10-22,39427.62661975676,64226.25000000001,34144.272479750565,42782.14359887513,39427.62661975676,39427.62661975676,-926.7733144260241,-926.7733144260241,-926.7733144260241,-926.7733144260241,-926.7733144260241,-926.7733144260241,0.0,0.0,0.0,38500.85330533073
2018-10-29,39371.43458199148,64226.25000000001,33351.01042583514,41794.179024363555,39371.43458199148,39371.43458199148,-1679.1758982601293,-1679.1758982601293,-1679.1758982601293,-1679.1758982601293,-1679.1758982601293,-1679.1758982601293,0.0,0.0,0.0,37692.25868373135
2018-11-05,39315.19566446008,64226.25000000001,32653.595625583952,41424.923076865256,39315.19566446008,39315.19566446008,-2134.7637515636097,-2134.7637515636097,-2134.7637515636097,-2134.7637515636097,-2134.7637515636097,-2134.7637515636097,0.0,0.0,0.0,37180.43191289647
2018-11-12,39258.91019173965,64226.25000000001,32972.35784691285,41476.74194079474,39258.91019173965,39258.91019173965,-2220.632961550737,-2220.632961550737,-2220.632961550737,-2220.632961550737,-2220.632961550737,-2220.632961550737,0.0,0.0,0.0,37038.27723018891
2018-11-19,39202.57848957917,64226.25000000001,32376.535525865937,41163.71609571761,39202.57848957917,39202.57848957917,-2164.825877110227,-2164.825877110227,-2164.825877110227,-2164.825877110227,-2164.825877110227,-2164.825877110227,0.0,0.0,0.0,37037.75261246895
2018-11-26,39146.20088489279,64226.25000000001,32340.474450996706,40792.75854624537,39146.20088489279,39146.20088489279,-2177.782392189079,-2177.782392189079,-2177.782392189079,-2177.782392189079,-2177.782392189079,-2177.782392189079,0.0,0.0,0.0,36968.418492703706
2018-12-03,39089.777705753004,64226.25000000001,32649.763670970857,41386.44900565784,39089.777705753004,39089.777705753004,-2164.229342284661,-2164.229342284661,-2164.229342284661,-2164.229342284661,-2164.229342284661,-2164.229342284661,0.0,0.0,0.0,36925.54836346834
2018-12-10,39033.309281383845,64226.25000000001,33072.84226605616,41566.913823135525,39033.309281383845,39033.309281383845,-1818.8645156792932,-1818.8645156792932,-1818.8645156792932,-1818.8645156792932,-1818.8645156792932,-1818.8645156792932,0.0,0.0,0.0,37214.44476570455
2018-12-17,38976.79594215398,64226.25000000001,33425.27501560779,42564.736910111285,38976.79594215398,38976.79594215398,-995.5617349916536,-995.5617349916536,-995.5617349916536,-995.5617349916536,-995.5617349916536,-995.5617349916536,0.0,0.0,0.0,37981.23420716233
2018-12-24,38920.238019569755,64226.25000000001,34623.03673049231,43015.299169598344,38920.238019569755,38920.238019569755,76.23540868002442,76.23540868002442,76.23540868002442,76.23540868002442,76.23540868002442,76.23540868002442,0.0,0.0,0.0,38996.47342824978
2018-12-31,38863.63583215519,64226.25000000001,35212.59670710802,44260.58873322839,38863.63583215519,38863.63583215519,960.9806293991036,960.9806293991036,960.9806293991036,960.9806293991036,960.9806293991036,960.9806293991036,0.0,0.0,0.0,39824.616461554295
2019-01-07,38806.98972776195,64226.25000000001,35679.90469556129,44338.920931909226,38806.98972776195,38806.98972776195,1364.903495301559,1364.903495301559,1364.903495301559,1364.903495301559,1364.903495301559,1364.903495301559,0.0,0.0,0.0,40171.89322306351
2019-01-14,38750.300041267255,64226.25000000001,35602.60255178052,44659.502863598886,38750.300041267255,38750.300041267255,1294.571056623879,1294.571056623879,1294.571056623879,1294.571056623879,1294.571056623879,1294.571056623879,0.0,0.0,0.0,40044.87109789113
2019-01-21,38693.567108657546,64226.25000000001,35200.90659290047,44301.510296229,38693.567108657546,38693.567108657546,924.695315905456,924.695315905456,924.695315905456,924.695315905456,924.695315905456,924.695315905456,0.0,0.0,0.0,39618.262424563
2019-01-28,38636.79126702122,64226.25000000001,34674.3386562865,43435.158790125155,38636.79126702122,38636.79126702122,400.0677443845142,400.0677443845142,400.0677443845142,400.0677443845142,400.0677443845142,400.0677443845142,0.0,0.0,0.0,39036.85901140573
2019-02-04,38579.97285454132,64226.25000000001,34100.216407225365,42801.36360002719,38579.97285454132,38579.97285454132,-200.62928324964352,-200.62928324964352,-200.62928324964352,-200.62928324964352,-200.62928324964352,-200.62928324964352,0.0,0.0,0.0,38379.34357129168
2019-02-11,38523.11221048824,64226.25000000001,33422.7461288859,42137.59186382248,38523.11221048824,38523.11221048824,-772.3232913625299,-772.3232913625299,-772.3232913625299,-772.3232913625299,-772.3232913625299,-772.3232913625299,0.0,0.0,0.0,37750.788919125705
2019-02-18,38466.20967521213,64226.25000000001,33128.23892061841,41892.1225499245,38466.20967521213,38466.20967521213,-1152.7296736532026,-1152.7296736532026,-1152.7296736532026,-1152.7296736532026,-1152.7296736532026,-1152.7296736532026,0.0,0.0,0.0,37313.48000155893
2019-02-25,38409.26559013556,64226.25000000001,32623.659337230016,41207.94758213894,38409.26559013556,38409.26559013556,-1219.8767572776908,-1219.8767572776908,-1219.8767572776908,-1219.8767572776908,-1219.8767572776908,-1219.8767572776908,0.0,0.0,0.0,37189.38883285787
2019-03-04,38352.28029774589,64226.25000000001,32957.53234494479,41699.876392719125,38352.28029774589,38352.28029774589,-989.6122221649647,-989.6122221649647,-989.6122221649647,-989.6122221649647,-989.6122221649647,-989.6122221649647,0.0,0.0,0.0,37362.66807558093
2019-03-11,38295.25414158771,64226.25000000001,33102.25411624815,42378.3614800699,38295.25414158771,38295.25414158771,-590.6145960907546,-590.6145960907546,-590.6145960907546,-590.6145960907546,-590.6145960907546,-590.6145960907546,0.0,0.0,0.0,37704.63954549696
2019-03-18,38235.021375886114,64226.25000000001,33697.17267126181,42437.361827197834,38235.021375886114,38235.021375886114,-166.3455802754682,-166.3455802754682,-166.3455802754682,-166.3455802754682,-166.3455802754682,-166.3455802754682,0.0,0.0,0.0,38068.675795610645
2019-03-25,38174.74387843941,64226.25000000001,33990.313970549745,42481.10774839431,38174.74387843941,38174.74387843941,170.45221774477946,170.45221774477946,170.45221774477946,170.45221774477946,170.45221774477946,170.45221774477946,0.0,0.0,0.0,38345.19609618419
2019-04-01,38114.422056955125,64226.25000000001,34253.40499743004,42586.609210033406,38114.422056955125,38114.422056955125,324.56654052895385,324.56654052895385,324.56654052895385,324.56654052895385,324.56654052895385,324.56654052895385,0.0,0.0,0.0,38438.98859748408
2019-04-08,38054.05632041322,64226.25000000001,33877.159007763774,42369.261476843116,38054.05632041322,38054.05632041322,253.8960329097204,253.8960329097204,253.8960329097204,253.8960329097204,253.8960329097204,253.8960329097204,0.0,0.0,0.0,38307.95235332294
2019-04-15,37993.64707905583,64226.25000000001,33565.55052006637,42657.478865870056,37993.64707905583,37993.64707905583,71.30144664633183,71.30144664633183,71.30144664633183,71.30144664633183,71.30144664633183,71.30144664633183,0.0,0.0,0.0,38064.94852570216
2019-04-22,37933.19474437682,64226.25000000001,33502.99365590974,42270.366374368554,37933.19474437682,37933.19474437682,55.2951102093118,55.2951102093118,55.2951102093118,55.2951102093118,55.2951102093118,55.2951102093118,0.0,0.0,0.0,37988.489854586136
2019-04-29,37872.69972911132,64226.25000000001,33931.80705207122,42345.63247938912,37872.69972911132,37872.69972911132,443.62060936405123,443.62060936405123,443.62060936405123,443.62060936405123,443.62060936405123,443.62060936405123,0.0,0.0,0.0,38316.32033847537
2019-05-06,37812.16244722515,64226.25000000001,34380.34430513568,43342.04819309427,37812.16244722515,37812.16244722515,1156.0304901535683,1156.0304901535683,1156.0304901535683,1156.0304901535683,1156.0304901535683,1156.0304901535683,0.0,0.0,0.0,38968.19293737872
2019-05-13,37751.5833139042,64226.25000000001,35192.635020239446,43702.68488494246,37751.5833139042,37751.5833139042,1769.1643137858862,1769.1643137858862,1769.1643137858862,1769.1643137858862,1769.1643137858862,1769.1643137858862,0.0,0.0,0.0,39520.747627690085
2019-05-20,37690.96274554374,64226.25000000001,35001.67536028159,43960.123419737385,37690.96274554374,37690.96274554374,1855.7474247031996,1855.7474247031996,1855.7474247031996,1855.7474247031996,1855.7474247031996,1855.7474247031996,0.0,0.0,0.0,39546.71017024694
2019-05-27,37630.3011597376,64226.25000000001,34791.78444142442,43124.60402155333,37630.3011597376,37630.3011597376,1384.451432904892,1384.451432904892,1384.451432904892,1384.451432904892,1384.451432904892,1384.451432904892,0.0,0.0,0.0,39014.75259264249
2019-06-03,37569.598975267385,64226.25000000001,33687.10263802273,42768.19297529725,37569.598975267385,37569.598975267385,753.0953793131179,753.0953793131179,753.0953793131179,753.0953793131179,753.0953793131179,753.0953793131179,0.0,0.0,0.0,38322.694354580504
2019-06-10,37462.26756881376,64226.25000000001,32986.73818620104,42344.55992942501,37462.26756881376,37462.26756881376,398.09008258707854,398.09008258707854,398.09008258707854,398.09008258707854,398.09008258707854,398.09008258707854,0.0,0.0,0.0,37860.35765140084
2019-06-17,37354.813101295484,64226.25000000001,33589.592485145535,42294.48138151154,37354.813101295484,37354.813101295484,391.8761839839615,391.8761839839615,391.8761839839615,391.8761839839615,391.8761839839615,391.8761839839615,0.0,0.0,0.0,37746.68928527945
2019-06-24,37247.23790791246,64226.25000000001,33312.27732367419,42135.395212537805,37247.23790791246,37247.23790791246,453.9199774442262,453.9199774442262,453.9199774442262,453.9199774442262,453.9199774442262,453.9199774442262,0.0,0.0,0.0,37701.15788535668
2019-07-01,37139.54433483433,64226.25000000001,32982.13655425568,41714.95722427093,37139.54433483433,37139.54433483433,325.98158144138847,325.98158144138847,325.98158144138847,325.98158144138847,325.98158144138847,325.98158144138847,0.0,0.0,0.0,37465.52591627572
2019-07-08,37031.734739005544,64226.25000000001,32554.33172647355,41361.686275724765,37031.734739005544,37031.734739005544,55.13306995723615,55.13306995723615,55.13306995723615,55.13306995723615,55.13306995723615,55.13306995723615,0.0,0.0,0.0,37086.86780896278
2019-07-15,36923.81148794822,64226.25000000001,32834.307668906586,41118.635850335326,36923.81148794822,36923.81148794822,-128.11550907411672,-128.11550907411672,-128.11550907411672,-128.11550907411672,-128.11550907411672,-128.11550907411672,0.0,0.0,0.0,36795.6959788741
2019-07-22,36815.77695956319,64226.25000000001,31940.375919712093,40677.83185246043,36815.77695956319,36815.77695956319,-138.85526889381092,-138.85526889381092,-138.85526889381092,-138.85526889381092,-138.85526889381092,-138.85526889381092,0.0,0.0,0.0,36676.92169066938
2019-07-29,36707.633541928866,64226.25000000001,31976.126755315352,41056.09818381999,36707.633541928866,36707.633541928866,-132.0434994098568,-132.0434994098568,-132.0434994098568,-132.0434994098568,-132.0434994098568,-132.0434994098568,0.0,0.0,0.0,36575.59004251901
2019-08-05,36599.383633098216,64226.25000000001,31997.399704738003,40978.185458897286,36599.383633098216,36599.383633098216,-241.20385258050104,-241.20385258050104,-241.20385258050104,-241.20385258050104,-241.20385258050104,-241.20385258050104,0.0,0.0,0.0,36358.17978051771
2019-08-12,36491.0296408939,64226.25000000001,31994.809776372927,40311.612475216665,36491.0296408939,36491.0296408939,-317.37382846051804,-317.37382846051804,-317.37382846051804,-317.37382846051804,-317.37382846051804,-317.37382846051804,0.0,0.0,0.0,36173.65581243338
2019-08-19,36382.573982701426,64226.25000000001,32052.000350003287,40523.937120529125,36382.573982701426,36382.573982701426,-45.82898211729075,-45.82898211729075,-45.82898211729075,-45.82898211729075,-45.82898211729075,-45.82898211729075,0.0,0.0,0.0,36336.74500058414
2019-08-26,36274.01907850213,64226.25000000001,32461.724470317848,41287.07227378436,36274.01907850213,36274.01907850213,657.3741382690623,657.3741382690623,657.3741382690623,657.3741382690623,657.3741382690623,657.3741382690623,0.0,0.0,0.0,36931.3932167712
2019-09-02,36165.36737092585,64226.25000000001,33133.83016896967,42043.85991007385,36165.36737092585,36165.36737092585,1448.5410807458231,1448.5410807458231,1448.5410807458231,1448.5410807458231,1448.5410807458231,1448.5410807458231,0.0,0.0,0.0,37613.908451671676
2019-09-09,36056.62130478791,64226.25000000001,33365.45218710282,42337.90624604396,36056.62130478791,36056.62130478791,1833.9132325061303,1833.9132325061303,1833.9132325061303,1833.9132325061303,1833.9132325061303,1833.9132325061303,0.0,0.0,0.0,37890.534537294036
2019-09-16,35947.78333362112,64226.25000000001,33419.54767405081,41959.099904305105,35947.78333362112,35947.78333362112,1634.9952071651433,1634.9952071651433,1634.9952071651433,1634.9952071651433,1634.9952071651433,1634.9952071651433,0.0,0.0,0.0,37582.77854078626
2019-09-23,35838.85591946015,64226.25000000001,32480.080466240754,41257.61425124647,35838.85591946015,35838.85591946015,1119.0779557425262,1119.0779557425262,1119.0779557425262,1119.0779557425262,1119.0779557425262,1119.0779557425262,0.0,0.0,0.0,36957.933875202674
2019-09-30,35729.84153262413,64226.25000000001,32048.708452997493,40851.90897964665,35729.84153262413,35729.84153262413,658.1712328449375,658.1712328449375,658.1712328449375,658.1712328449375,658.1712328449375,658.1712328449375,0.0,0.0,0.0,36388.012765469066
2019-10-07,35620.74265149778,64226.25000000001,31275.33672473505,40233.47308500571,35620.74265149778,35620.74265149778,326.56880119214406,326.56880119214406,326.56880119214406,326.56880119214406,326.56880119214406,326.56880119214406,0.0,0.0,0.0,35947.31145268992
2019-10-14,35511.56176231078,64226.25000000001,31217.56313474676,40050.08658978304,35511.56176231078,35511.56176231078,-101.15816998946534,-101.15816998946534,-101.15816998946534,-101.15816998946534,-101.15816998946534,-101.15816998946534,0.0,0.0,0.0,35410.403592321316
2019-10-21,35402.30135891583,64226.25000000001,30329.285492835104,39044.78298932706,35402.30135891583,35402.30135891583,-785.5704172845117,-785.5704172845117,-785.5704172845117,-785.5704172845117,-785.5704172845117,-785.5704172845117,0.0,0.0,0.0,34616.730941631315
2019-10-28,35292.96394256498,64226.25000000001,29310.980997119157,38026.685471349185,35292.96394256498,35292.96394256498,-1558.8503325644847,-1558.8503325644847,-1558.8503325644847,-1558.8503325644847,-1558.8503325644847,-1558.8503325644847,0.0,0.0,0.0,33734.113610000495
2019-11-04,35183.55202168469,64226.25000000001,28649.36467872033,37744.39213132491,35183.55202168469,35183.55202168469,-2083.365774489029,-2083.365774489029,-2083.365774489029,-2083.365774489029,-2083.365774489029,-2083.365774489029,0.0,0.0,0.0,33100.18624719566
2019-11-11,35074.068111649365,64226.25000000001,28521.887194847033,37308.569290331674,35074.068111649365,35074.068111649365,-2224.398633484429,-2224.398633484429,-2224.398633484429,-2224.398633484429,-2224.398633484429,-2224.398633484429,0.0,0.0,0.0,32849.669478164935
2019-11-18,34964.5147423616,64226.25000000001,28666.56648050202,37250.11713298387,34964.5147423616,34964.5147423616,-2172.629395584478,-2172.629395584478,-2172.629395584478,-2172.629395584478,-2172.629395584478,-2172.629395584478,0.0,0.0,0.0,32791.88534677712
2019-11-25,34854.89443460835,64226.25000000001,28627.87789123295,37285.78152795461,34854.89443460835,34854.89443460835,-2170.1880996561663,-2170.1880996561663,-2170.1880996561663,-2170.1880996561663,-2170.1880996561663,-2170.1880996561663,0.0,0.0,0.0,32684.706334952185
2019-12-02,34745.209723235304,64226.25000000001,28207.52203237109,36871.36217687093,34745.209723235304,34745.209723235304,-2182.027502630343,-2182.027502630343,-2182.027502630343,-2182.027502630343,-2182.027502630343,-2182.027502630343,0.0,0.0,0.0,32563.182220604962
2019-12-09,34635.46314911715,64226.25000000001,28427.307322364377,36992.21509915215,34635.46314911715,34635.46314911715,-1916.0867095980343,-1916.0867095980343,-1916.0867095980343,-1916.0867095980343,-1916.0867095980343,-1916.0867095980343,0.0,0.0,0.0,32719.376439519117
2019-12-16,34525.65725892476,64226.25000000001,28600.800254333368,37562.57037940885,34525.65725892476,34525.65725892476,-1172.0490603368603,-1172.0490603368603,-1172.0490603368603,-1172.0490603368603,-1172.0490603368603,-1172.0490603368603,0.0,0.0,0.0,33353.6081985879
2019-12-23,34415.794604891125,64226.25000000001,30300.629841676015,38671.20058959813,34415.794604891125,34415.794604891125,-113.9910532917749,-113.9910532917749,-113.9910532917749,-113.9910532917749,-113.9910532917749,-113.9910532917749,0.0,0.0,0.0,34301.80355159935
2019-12-30,34305.87774457634,64226.25000000001,31248.865141950897,39599.280910594076,34305.87774457634,34305.87774457634,833.7255197827017,833.7255197827017,833.7255197827017,833.7255197827017,833.7255197827017,833.7255197827017,0.0,0.0,0.0,35139.603264359044
2020-01-06,34195.90924063141,64226.25000000001,30840.170718373996,39785.83907730955,34195.90924063141,34195.90924063141,1331.2741437494285,1331.2741437494285,1331.2741437494285,1331.2741437494285,1331.2741437494285,1331.2741437494285,0.0,0.0,0.0,35527.183384380834
2020-01-13,34085.89166056109,64226.25000000001,31276.524305735224,39972.13515174566,34085.89166056109,34085.89166056109,1334.5918349749063,1334.5918349749063,1334.5918349749063,1334.5918349749063,1334.5918349749063,1334.5918349749063,0.0,0.0,0.0,35420.48349553599
2020-01-20,33975.82757648574,64226.25000000001,30701.55667290922,39057.59543070368,33975.82757648574,33975.82757648574,1005.0503204696392,1005.0503204696392,1005.0503204696392,1005.0503204696392,1005.0503204696392,1005.0503204696392,0.0,0.0,0.0,34980.877896955375
2020-01-27,33865.71956490235,64226.25000000001,30100.201027352254,39079.34275178718,33865.71956490235,33865.71956490235,501.3517857533823,501.3517857533823,501.3517857533823,501.3517857533823,501.3517857533823,501.3517857533823,0.0,0.0,0.0,34367.07135065573
2020-02-03,33755.59314165392,64226.25000000001,29428.577259304304,38247.963163906985,33755.59314165392,33755.59314165392,-91.48218936077814,-91.48218936077814,-91.48218936077814,-91.48218936077814,-91.48218936077814,-91.48218936077814,0.0,0.0,0.0,33664.11095229314
2020-02-10,33645.42797165971,64226.25000000001,28579.45784625912,37076.23156212665,33645.42797165971,33645.42797165971,-679.33247681702,-679.33247681702,-679.33247681702,-679.33247681702,-679.33247681702,-679.33247681702,0.0,0.0,0.0,32966.09549484269
2020-02-17,33535.226641486406,64226.25000000001,28087.99564759722,37169.64091913547,33535.226641486406,33535.226641486406,-1105.7776458822595,-1105.7776458822595,-1105.7776458822595,-1105.7776458822595,-1105.7776458822595,-1105.7776458822595,0.0,0.0,0.0,32429.448995604147
2020-02-24,33424.99174111002,64226.25000000001,27656.30819656129,37080.58017583222,33424.99174111002,33424.99174111002,-1232.1402617149975,-1232.1402617149975,-1232.1402617149975,-1232.1402617149975,-1232.1402617149975,-1232.1402617149975,0.0,0.0,0.0,32192.85147939502
2020-03-02,33314.725863673266,64226.25000000001,27599.515383869923,36647.69902697601,33314.725863673266,33314.725863673266,-1047.5515740584524,-1047.5515740584524,-1047.5515740584524,-1047.5515740584524,-1047.5515740584524,-1047.5515740584524,0.0,0.0,0.0,32267.174289614813
2020-03-09,33204.43160524215,64226.25000000001,28052.296924138547,36669.060838195925,33204.43160524215,33204.43160524215,-667.4502777479034,-667.4502777479034,-667.4502777479034,-667.4502777479034,-667.4502777479034,-667.4502777479034,0.0,0.0,0.0,32536.981327494246
2020-03-16,33094.11156456216,64226.25000000001,28584.262333949817,37123.67326296462,33094.11156456216,33094.11156456216,-238.62533304387958,-238.62533304387958,-238.62533304387958,-238.62533304387958,-238.62533304387958,-238.62533304387958,0.0,0.0,0.0,32855.48623151828
2020-03-23,32983.76834281375,64226.25000000001,29198.76291329949,37194.17186471593,32983.76834281375,32983.76834281375,121.1822753334719,121.1822753334719,121.1822753334719,121.1822753334719,121.1822753334719,121.1822753334719,0.0,0.0,0.0,33104.950618147224
2020-03-30,32873.404543367404,64226.25000000001,28709.098977585352,37690.09596842806,32873.404543367404,32873.404543367404,313.7531685734296,313.7531685734296,313.7531685734296,313.7531685734296,313.7531685734296,313.7531685734296,0.0,0.0,0.0,33187.15771194083
2020-04-06,32763.022771538308,64226.25000000001,28348.365720655835,37164.89529364091,32763.022771538308,32763.022771538308,280.6395832187537,280.6395832187537,280.6395832187537,280.6395832187537,280.6395832187537,280.6395832187537,0.0,0.0,0.0,33043.66235475706
2020-04-13,32652.625634340526,64226.25000000001,27988.394306972037,36866.49068030846,32652.625634340526,32652.625634340526,100.91639203515366,100.91639203515366,100.91639203515366,100.91639203515366,100.91639203515366,100.91639203515366,0.0,0.0,0.0,32753.54202637568
2020-04-20,32542.21574024082,64226.25000000001,28017.45336271022,36904.23291455986,32542.21574024082,32542.21574024082,32.47143642962337,32.47143642962337,32.47143642962337,32.47143642962337,32.47143642962337,32.47143642962337,0.0,0.0,0.0,32574.687176670443
2020-04-27,32710.35841206309,64226.25000000001,28910.25339990787,37729.00563323174,32710.35841206309,32710.35841206309,342.74648627356737,342.74648627356737,342.74648627356737,342.74648627356737,342.74648627356737,342.74648627356737,0.0,0.0,0.0,33053.104898336656
2020-05-04,32878.46833243946,64226.25000000001,29740.90911447708,38350.6112579418,32878.46833243946,32878.46833243946,1021.1581929155298,1021.1581929155298,1021.1581929155298,1021.1581929155298,1021.1581929155298,1021.1581929155298,0.0,0.0,0.0,33899.62652535499
2020-05-11,33046.53629178222,64226.25000000001,30175.02292885817,38731.225575302575,33046.53629178222,33046.53629178222,1689.456413304727,1689.456413304727,1689.456413304727,1689.456413304727,1689.456413304727,1689.456413304727,0.0,0.0,0.0,34735.992705086945
2020-05-18,33214.55308970299,64226.25000000001,30614.20656735722,39465.5077016789,33214.55308970299,33214.55308970299,1887.142139254152,1887.142139254152,1887.142139254152,1887.142139254152,1887.142139254152,1887.142139254152,0.0,0.0,0.0,35101.69522895714
2020-05-25,33382.50953702501,64226.25000000001,30422.30690391798,39724.0481833408,33382.50953702501,33382.50953702501,1495.269698668241,1495.269698668241,1495.269698668241,1495.269698668241,1495.269698668241,1495.269698668241,0.0,0.0,0.0,34877.779235693255
2020-06-01,33550.396457790426,64226.25000000001,30063.171985040848,38992.023617701154,33550.396457790426,33550.396457790426,854.8837091447028,854.8837091447028,854.8837091447028,854.8837091447028,854.8837091447028,854.8837091447028,0.0,0.0,0.0,34405.28016693513
2020-06-08,33718.204691261206,64226.25000000001,29749.007073758647,38722.87141610775,33718.204691261206,33718.204691261206,431.9071992010027,431.9071992010027,431.9071992010027,431.9071992010027,431.9071992010027,431.9071992010027,0.0,0.0,0.0,34150.111890462205
2020-06-15,33885.9250939131,64226.25000000001,29945.28906242543,38836.28344400881,33885.9250939131,33885.9250939131,377.6451033274389,377.6451033274389,377.6451033274389,377.6451033274389,377.6451033274389,377.6451033274389,0.0,0.0,0.0,34263.570197240544
2020-06-22,34053.54854142163,64226.25000000001,29903.444701342785,38328.97662381495,34053.54854142163,34053.54854142163,452.70317546184265,452.70317546184265,452.70317546184265,452.70317546184265,452.70317546184265,452.70317546184265,0.0,0.0,0.0,34506.251716883475
2020-06-29,34221.065930639066,64226.25000000001,30085.32680820783,38984.75272243612,34221.065930639066,34221.065930639066,364.8649122622397,364.8649122622397,364.8649122622397,364.8649122622397,364.8649122622397,364.8649122622397,0.0,0.0,0.0,34585.9308429013
2020-07-06,34388.46818156154,64226.25000000001,30068.453303212496,38972.2788515975,34388.46818156154,34388.46818156154,103.54717059169742,103.54717059169742,103.54717059169742,103.54717059169742,103.54717059169742,103.54717059169742,0.0,0.0,0.0,34492.01535215324
2020-07-13,35011.681621806005,64226.25000000001,30437.513380290096,39119.70926046789,35011.681621806005,35011.681621806005,-109.34496381271012,-109.34496381271012,-109.34496381271012,-109.34496381271012,-109.34496381271012,-109.34496381271012,0.0,0.0,0.0,34902.33665799329
2020-07-20,35632.70154163469,64226.25000000001,30926.789532207604,40002.440377644365,35632.70154163469,35632.70154163469,-144.52884864246806,-144.52884864246806,-144.52884864246806,-144.52884864246806,-144.52884864246806,-144.52884864246806,0.0,0.0,0.0,35488.17269299222
2020-07-27,36251.06835115466,64226.25000000001,31649.72506161741,40118.14695621403,36251.06835115466,36251.06835115466,-125.6373249433137,-125.6373249433137,-125.6373249433137,-125.6373249433137,-125.6373249433137,-125.6373249433137,0.0,0.0,0.0,36125.43102621134
2020-08-03,36866.33040725069,64226.25000000001,32370.446289445703,41366.80462547807,36866.33040725069,36866.33040725069,-215.77801609285763,-215.77801609285763,-215.77801609285763,-215.77801609285763,-215.77801609285763,-215.77801609285763,0.0,0.0,0.0,36650.55239115783
2020-08-10,37478.04530122916,64226.25000000001,32618.173187478023,41946.228924683164,37478.04530122916,37478.04530122916,-320.8580611756824,-320.8580611756824,-320.8580611756824,-320.8580611756824,-320.8580611756824,-320.8580611756824,0.0,0.0,0.0,37157.18724005348
2020-08-17,38085.781088677555,64226.25000000001,33659.56538717311,42342.453529801445,38085.781088677555,38085.781088677555,-129.30012518778267,-129.30012518778267,-129.30012518778267,-129.30012518778267,-129.30012518778267,-129.30012518778267,0.0,0.0,0.0,37956.480963489776
2020-08-24,38689.117454576925,64226.25000000001,34792.836008033235,43751.81216731299,38689.117454576925,38689.117454576925,510.7246862504943,510.7246862504943,510.7246862504943,510.7246862504943,510.7246862504943,510.7246862504943,0.0,0.0,0.0,39199.842140827415
2020-08-31,39287.646807383455,64226.25000000001,36579.13371640581,44947.52389001975,39287.646807383455,39287.646807383455,1324.609850672703,1324.609850672703,1324.609850672703,1324.609850672703,1324.609850672703,1324.609850672703,0.0,0.0,0.0,40612.256658056154
2020-09-07,39880.975296525685,64226.25000000001,37441.08109058965,45564.67180000013,39880.975296525685,39880.975296525685,1809.3877519889206,1809.3877519889206,1809.3877519889206,1809.3877519889206,1809.3877519889206,1809.3877519889206,0.0,0.0,0.0,41690.363048514606
2020-09-14,40468.723748537755,64226.25000000001,38020.98255047711,46497.055459072646,40468.723748537755,40468.723748537755,1705.6816435446403,1705.6816435446403,1705.6816435446403,1705.6816435446403,1705.6816435446403,1705.6816435446403,0.0,0.0,0.0,42174.40539208239
2020-09-21,41050.528517852166,64226.25000000001,37717.9837067053,46580.34843342799,41050.528517852166,41050.528517852166,1215.5767435407047,1215.5767435407047,1215.5767435407047,1215.5767435407047,1215.5767435407047,1215.5767435407047,0.0,0.0,0.0,42266.10526139287
2020-09-28,41626.04224909852,64226.25000000001,38175.14843873718,46734.24187550839,41626.04224909852,41626.04224909852,727.8138979469505,727.8138979469505,727.8138979469505,727.8138979469505,727.8138979469505,727.8138979469505,0.0,0.0,0.0,42353.85614704547
2020-10-05,42194.93454858355,64226.25000000001,38176.582281048555,46734.214866957125,42194.93454858355,42194.93454858355,384.709513721111,384.709513721111,384.709513721111,384.709513721111,384.709513721111,384.709513721111,0.0,0.0,0.0,42579.644062304666
2020-10-12,42756.89256345259,64226.25000000001,38388.685904059195,47211.68252413064,42756.89256345259,42756.89256345259,-6.748661219886728,-6.748661219886728,-6.748661219886728,-6.748661219886728,-6.748661219886728,-6.748661219886728,0.0,0.0,0.0,42750.1439022327
2020-10-19,43311.62146784378,64226.25000000001,38294.566817663166,47108.784390614404,43311.62146784378,43311.62146784378,-647.7287959049441,-647.7287959049441,-647.7287959049441,-647.7287959049441,-647.7287959049441,-647.7287959049441,0.0,0.0,0.0,42663.89267193884
2020-10-26,43858.844856130156,64226.25000000001,38025.86484043982,47114.54522280129,43858.844856130156,43858.844856130156,-1429.9625376185418,-1429.9625376185418,-1429.9625376185418,-1429.9625376185418,-1429.9625376185418,-1429.9625376185418,0.0,0.0,0.0,42428.88231851161
2020-11-02,44398.305044096815,64226.25000000001,38406.31899379655,46567.61869987398,44398.305044096815,44398.305044096815,-2018.7332738499285,-2018.7332738499285,-2018.7332738499285,-2018.7332738499285,-2018.7332738499285,-2018.7332738499285,0.0,0.0,0.0,42379.57177024688
2020-11-09,44929.76327960854,64226.25000000001,38089.66302158096,46805.2375250563,44929.76327960854,44929.76327960854,-2221.8612886019705,-2221.8612886019705,-2221.8612886019705,-2221.8612886019705,-2221.8612886019705,-2221.8612886019705,0.0,0.0,0.0,42707.90199100657
2020-11-16,45452.999864983416,64226.25000000001,39063.15112091542,47665.90821614079,45452.999864983416,45452.999864983416,-2182.8673880511233,-2182.8673880511233,-2182.8673880511233,-2182.8673880511233,-2182.8673880511233,-2182.8673880511233,0.0,0.0,0.0,43270.1324769323
2020-11-23,45967.814193892125,64226.25000000001,39463.42307203486,47822.83608481857,45967.814193892125,45967.814193892125,-2163.8487580972064,-2163.8487580972064,-2163.8487580972064,-2163.8487580972064,-2163.8487580972064,-2163.8487580972064,0.0,0.0,0.0,43803.96543579492
2020-11-30,46474.02470614765,64226.25000000001,39849.59080929795,48860.03872859488,46474.02470614765,46474.02470614765,-2190.6981926066123,-2190.6981926066123,-2190.6981926066123,-2190.6981926066123,-2190.6981926066123,-2190.6981926066123,0.0,0.0,0.0,44283.32651354103
2020-12-07,46971.46876423189,64226.25000000001,40795.390490867445,49429.99853780718,46971.46876423189,46971.46876423189,-1996.9672934348134,-1996.9672934348134,-1996.9672934348134,-1996.9672934348134,-1996.9672934348134,-1996.9672934348134,0.0,0.0,0.0,44974.50147079708
2020-12-14,47460.002455822265,64226.25000000001,42096.64761697741,50665.684390604496,47460.002455822265,47460.002455822265,-1337.75549867746,-1337.75549867746,-1337.75549867746,-1337.75549867746,-1337.75549867746,-1337.75549867746,0.0,0.0,0.0,46122.2469571448
2020-12-21,47939.50032693082,64226.25000000001,43125.50875344882,52035.86537007842,47939.50032693082,47939.50032693082,-308.0141763952863,-308.0141763952863,-308.0141763952863,-308.0141763952863,-308.0141763952863,-308.0141763952863,0.0,0.0,0.0,47631.48615053554
2020-12-28,48409.85505055256,64226.25000000001,44897.539747116236,53375.851894168,48409.85505055256,48409.85505055256,691.2275141914134,691.2275141914134,691.2275141914134,691.2275141914134,691.2275141914134,691.2275141914134,0.0,0.0,0.0,49101.08256474398
2021-01-04,48870.97703593733,64226.25000000001,45788.890817195585,54259.29278866295,48870.97703593733,48870.97703593733,1281.3122432182274,1281.3122432182274,1281.3122432182274,1281.3122432182274,1281.3122432182274,1281.3122432182274,0.0,0.0,0.0,50152.28927915556
2021-01-11,49322.793983754054,64226.25000000001,46056.73108727734,55090.86591539218,49322.793983754054,49322.793983754054,1364.0695416802973,1364.0695416802973,1364.0695416802973,1364.0695416802973,1364.0695416802973,1364.0695416802973,0.0,0.0,0.0,50686.86352543435
2021-01-18,49765.25039250983,64226.25000000001,46868.93143632207,55323.76689559133,49765.25039250983,49765.25039250983,1080.1076606033653,1080.1076606033653,1080.1076606033653,1080.1076606033653,1080.1076606033653,1080.1076606033653,0.0,0.0,0.0,50845.358053113196
2021-01-25,50198.30702162225,64226.25000000001,46626.0969806417,55439.53815775243,50198.30702162225,50198.30702162225,599.753560158106,599.753560158106,599.753560158106,599.753560158106,599.753560158106,599.753560158106,0.0,0.0,0.0,50798.06058178035
2021-02-01,50621.94031652577,64226.25000000001,46629.730440466694,55161.14433036121,50621.94031652577,50621.94031652577,17.603041466899718,17.603041466899718,17.603041466899718,17.603041466899718,17.603041466899718,17.603041466899718,0.0,0.0,0.0,50639.54335799267
2021-02-08,51036.14180112558,64226.25000000001,46066.87141823436,54848.80961933316,51036.14180112558,51036.14180112558,-581.1617660035145,-581.1617660035145,-581.1617660035145,-581.1617660035145,-581.1617660035145,-581.1617660035145,0.0,0.0,0.0,50454.98003512207
2021-02-15,51440.91744280164,64226.25000000001,45745.225015810094,54886.90101137803,51440.91744280164,51440.91744280164,-1048.877846320654,-1048.877846320654,-1048.877846320654,-1048.877846320654,-1048.877846320654,-1048.877846320654,0.0,0.0,0.0,50392.03959648099
2021-02-28,52167.71327458268,64226.25000000001,46698.15907133211,55402.92682664577,52167.71327458183,52167.713274581845,-1135.3819191007615,-1135.3819191007615,-1135.3819191007615,-1135.3819191007615,-1135.3819191007615,-1135.3819191007615,0.0,0.0,0.0,51032.33135548192
2021-03-31,53771.684304395174,64226.25000000001,49711.19831327947,58616.08339020849,53736.84766719537,53811.614726118794,321.154864204584,321.154864204584,321.154864204584,321.154864204584,321.154864204584,321.154864204584,0.0,0.0,0.0,54092.839168599756
2021-04-30,55155.83333256456,64226.25000000001,51332.12224581077,60062.12388125164,55033.27505167201,55280.49667398864,579.5181436929423,579.5181436929423,579.5181436929423,579.5181436929423,579.5181436929423,579.5181436929423,0.0,0.0,0.0,55735.3514762575
2021-05-31,56421.80051658752,64226.25000000001,53080.62873660558,61501.97490448229,56166.23321686126,56682.26748685407,964.5665829733947,964.5665829733947,964.5665829733947,964.5665829733947,964.5665829733947,964.5665829733947,0.0,0.0,0.0,57386.36709956091
2021-06-30,57498.979360480225,64226.25000000001,53555.830051674406,62558.07521785516,57106.20680383935,57863.208178810826,342.21810741381853,342.21810741381853,342.21810741381853,342.21810741381853,342.21810741381853,342.21810741381853,0.0,0.0,0.0,57841.197467894046
2021-07-31,58472.02976862465,64226.25000000001,53890.06340488747,62942.7168145645,57967.62375245234,58920.37871801795,-158.5538527566046,-158.5538527566046,-158.5538527566046,-158.5538527566046,-158.5538527566046,-158.5538527566046,0.0,0.0,0.0,58313.475915868046
2021-08-31,59316.35388969147,64226.25000000001,56160.63970868107,64729.46601577774,58719.67894570982,59859.59789814387,1298.3851434023618,1298.3851434023618,1298.3851434023618,1298.3851434023618,1298.3851434023618,1298.3851434023618,0.0,0.0,0.0,60614.73903309383
2021-09-30,60023.77994221973,64226.25000000001,56536.81155102777,65245.002755258975,59359.64744508731,60640.50528060503,631.7750869421498,631.7750869421498,631.7750869421498,631.7750869421498,631.7750869421498,631.7750869421498,0.0,0.0,0.0,60655.55502916188
2021-10-31,60654.32286553088,64226.25000000001,54129.657616835226,63189.33571338804,59946.11605967736,61303.672261644424,-1868.992612273485,-1868.992612273485,-1868.992612273485,-1868.992612273485,-1868.992612273485,-1868.992612273485,0.0,0.0,0.0,58785.330253257394
2021-11-30,61178.8760044233,64226.25000000001,54483.96690379692,63382.2791438785,60438.921398961545,61840.82405889223,-2191.5154827947126,-2191.5154827947126,-2191.5154827947126,-2191.5154827947126,-2191.5154827947126,-2191.5154827947126,0.0,0.0,0.0,58987.36052162859
2021-12-31,61643.564337761796,64226.25000000001,58026.15733579941,67067.17755725414,60885.06356268273,62313.47567869118,984.5094881387801,984.5094881387801,984.5094881387801,984.5094881387801,984.5094881387801,984.5094881387801,0.0,0.0,0.0,62628.073825900574
2022-01-31,62039.92549573187,64226.25000000001,57526.19921577044,66792.24494543928,61261.31985755106,62692.28953529694,125.93793508373193,125.93793508373193,125.93793508373193,125.93793508373193,125.93793508373193,125.93793508373193,0.0,0.0,0.0,62165.8634308156
2022-02-28,62346.97664747759,64226.25000000001,56888.975918119955,65421.53519725388,61576.83081056457,62993.12597772202,-1143.659588060882,-1143.659588060882,-1143.659588060882,-1143.659588060882,-1143.659588060882,-1143.659588060882,0.0,0.0,0.0,61203.31705941671
2022-03-31,62638.16719075382,64226.25000000001,58570.74624247667,67051.04064337329,61917.01465594086,63267.98331831237,318.99191315827636,318.99191315827636,318.99191315827636,318.99191315827636,318.99191315827636,318.99191315827636,0.0,0.0,0.0,62957.1591039121
2022-04-30,62877.860718605065,64226.25000000001,58562.07132629938,67319.69217401421,62162.34739547707,63478.080481252626,555.8646717823117,555.8646717823117,555.8646717823117,555.8646717823117,555.8646717823117,555.8646717823117,0.0,0.0,0.0,63433.72539038738
2022-05-31,63088.29298739415,64226.25000000001,59313.346125837736,68262.99901470957,62395.850968895335,63656.341648981936,987.2434778272559,987.2434778272559,987.2434778272559,987.2434778272559,987.2434778272559,987.2434778272559,0.0,0.0,0.0,64075.536465221405
2022-06-30,63261.09466907859,64226.25000000001,59247.92893855881,68128.15155047204,62560.62223030839,63807.14513778602,350.00387686061066,350.00387686061066,350.00387686061066,350.00387686061066,350.00387686061066,350.00387686061066,0.0,0.0,0.0,63611.0985459392
2022-07-31,63412.49272855694,64226.25000000001,58745.62981738338,67974.7689738717,62754.13767853202,63923.20205923856,-155.10425928742183,-155.10425928742183,-155.10425928742183,-155.10425928742183,-155.10425928742183,-155.10425928742183,0.0,0.0,0.0,63257.38846926952
2022-08-31,63540.399368939004,64226.25000000001,60561.79497467751,69297.25618479129,62933.979530111435,64015.420007468296,1271.7333014322794,1271.7333014322794,1271.7333014322794,1271.7333014322794,1271.7333014322794,1271.7333014322794,0.0,0.0,0.0,64812.132670371284
2022-09-30,63645.179868879466,64226.25000000001,59789.42289814255,69049.70686272561,63071.922967354156,64084.42333049609,644.8749415356648,644.8749415356648,644.8749415356648,644.8749415356648,644.8749415356648,644.8749415356648,0.0,0.0,0.0,64290.05481041513
2022-10-31,63736.79496513637,64226.25000000001,57391.42536882707,65845.3414770306,63203.69697444213,64143.158337009976,-1849.7860073848683,-1849.7860073848683,-1849.7860073848683,-1849.7860073848683,-1849.7860073848683,-1849.7860073848683,0.0,0.0,0.0,61887.008957751495
2022-11-30,63811.76694436643,64226.25000000001,57076.131931575,66328.3193985489,63318.988842386956,64192.171313892024,-2192.065731807249,-2192.065731807249,-2192.065731807249,-2192.065731807249,-2192.065731807249,-2192.065731807249,0.0,0.0,0.0,61619.70121255918
2022-12-31,63877.26091722583,64226.25000000001,60695.975531885444,69209.96275781744,63421.39390673366,64229.56931931628,960.9806293991655,960.9806293991655,960.9806293991655,960.9806293991655,960.9806293991655,960.9806293991655,0.0,0.0,0.0,64838.241546624995
2023-01-31,63932.453597247295,64226.25000000001,59820.42860614595,68569.97964220695,63528.90387113457,64258.183465862254,147.4608923151624,147.4608923151624,147.4608923151624,147.4608923151624,147.4608923151624,147.4608923151624,0.0,0.0,0.0,64079.914489562456
2023-02-28,63974.79215575646,64226.25000000001,58494.22373430035,66929.36163749934,63612.07214118082,64277.64085935513,-1151.6164247800025,-1151.6164247800025,-1151.6164247800025,-1151.6164247800025,-1151.6164247800025,-1151.6164247800025,0.0,0.0,0.0,62823.17573097646
2023-03-31,64014.611359434864,64226.25000000001,59937.266417067774,68662.49803546378,63701.09724599475,64296.9995036335,316.5245040248024,316.5245040248024,316.5245040248024,316.5245040248024,316.5245040248024,316.5245040248024,0.0,0.0,0.0,64331.13586345967
2023-04-30,64047.14855877479,64226.25000000001,60173.29853943222,69213.26641989655,63764.32500772607,64310.16549180553,532.5914211647457,532.5914211647457,532.5914211647457,532.5914211647457,532.5914211647457,532.5914211647457,0.0,0.0,0.0,64579.739979939535
2023-05-31,64075.536873000245,64226.25000000001,60633.51560460544,69569.93607778693,63813.9919788878,64320.953177714684,1010.1192210704385,1010.1192210704385,1010.1192210704385,1010.1192210704385,1010.1192210704385,1010.1192210704385,0.0,0.0,0.0,65085.656094070684
2023-06-30,64098.726079312764,64226.25000000001,60009.9183658548,68711.74384037657,63857.33524498229,64329.13468759645,357.5557029189329,357.5557029189329,357.5557029189329,357.5557029189329,357.5557029189329,357.5557029189329,0.0,0.0,0.0,64456.281782231694
2023-07-31,64118.95284050345,64226.25000000001,59490.619803630696,68161.99643579703,63893.39279835427,64337.312108056816,-151.82383797274363,-151.82383797274363,-151.82383797274363,-151.82383797274363,-151.82383797274363,-151.82383797274363,0.0,0.0,0.0,63967.12900253071
2023-08-31,64135.97592292376,64226.25000000001,60758.62904849941,69804.04567019753,63929.534403457954,64342.350124031065,1244.6777139704895,1244.6777139704895,1244.6777139704895,1244.6777139704895,1244.6777139704895,1244.6777139704895,0.0,0.0,0.0,65380.65363689425
2023-09-30,64149.876866792576,64226.25000000001,60477.791885660925,69308.11892520115,63965.300518357864,64347.11487913715,658.1712328451001,658.1712328451001,658.1712328451001,658.1712328451001,658.1712328451001,658.1712328451001,0.0,0.0,0.0,64808.04809963768
2023-10-31,64161.99865693664,64226.25000000001,57913.69557292416,66711.05020574457,64002.435709726844,64351.41578953053,-1830.087628992368,-1830.087628992368,-1830.087628992368,-1830.087628992368,-1830.087628992368,-1830.087628992368,0.0,0.0,0.0,62331.91102794427
2023-11-30,64171.89586011259,64226.25000000001,57660.52721262719,66209.05564351554,64033.18593916699,64355.32940808402,-2192.365530024905,-2192.365530024905,-2192.365530024905,-2192.365530024905,-2192.365530024905,-2192.365530024905,0.0,0.0,0.0,61979.530330087684
2023-12-31,64180.52533093565,64226.25000000001,60402.605269011394,69792.05376438877,64061.08127729659,64359.58756820085,936.8015363129372,936.8015363129372,936.8015363129372,936.8015363129372,936.8015363129372,936.8015363129372,0.0,0.0,0.0,65117.32686724859
2024-01-31,64187.78557521765,64226.25000000001,59912.59316326353,68570.24582874923,64095.9906483019,64364.06456741953,168.92541096456995,168.92541096456995,168.92541096456995,168.92541096456995,168.92541096456995,168.92541096456995,0.0,0.0,0.0,64356.71098618222
